{"type":"FeatureCollection","name":"Kecamatan Cerme","crs":{"type":"name","properties":{"name":"urn:ogc:def:crs:OGC:1.3:CRS84"}},"features":[{"type":"Feature","properties":{"kode_kec":"35.25.11","kode_kk":"35.25","kode_prov":"35","kecamatan":"Cerme","kab_kota":"Gresik","provinsi":"Jawa Timur","fid":"35.25.11","nama":"Kecamatan Cerme","label":"Kecamatan Cerme, Kabupaten Gresik, Provinsi Jawa Timur, 35.25.11"},"geometry":{"type":"MultiPolygon","coordinates":[[[[112.544740275,-7.25965520199998,0],[112.544632265,-7.26012641599993,0],[112.544503259,-7.26061560099993,0],[112.54445919,-7.26074286399995,0],[112.544433249,-7.26084375799996,0],[112.544426696,-7.26095877899996,0],[112.544399505,-7.26108680199997,0],[112.544349033,-7.26141714199997,0],[112.544347368,-7.26145421499996,0],[112.544304536,-7.26155055499993,0],[112.544294616,-7.26161938999996,0],[112.544283285,-7.26169075999996,0],[112.544283789,-7.26183821399997,0],[112.544255797,-7.26212580799995,0],[112.544149683,-7.26273723699995,0],[112.544064932,-7.26308758699997,0],[112.54394291,-7.26352340799997,0],[112.543797034,-7.26421127799995,0],[112.543807385,-7.26424686499996,0],[112.544008583,-7.26443097499993,0],[112.544166396,-7.26454877999993,0],[112.544333205,-7.26463355899995,0],[112.544472828,-7.26465107299992,0],[112.544556864,-7.26465973799998,0],[112.544515113,-7.26472271599994,0],[112.544489704,-7.26476022999998,0],[112.544422388,-7.26481587899997,0],[112.544233765,-7.26494643699994,0],[112.544179139,-7.26497862799994,0],[112.544122436,-7.26499974499995,0],[112.544039999,-7.26466999999997,0],[112.54394,-7.26450999999997,0],[112.54375,-7.26439000099998,0],[112.54338,-7.26429999999993,0],[112.54316,-7.26426999999995,0],[112.54282,-7.26431000099996,0],[112.54247,-7.26437999999996,0],[112.542230001,-7.26449000199995,0],[112.54217,-7.26466999999997,0],[112.54218,-7.26489999999995,0],[112.54234,-7.26517000099994,0],[112.542466535,-7.26535076399995,0],[112.54255,-7.26546999999994,0],[112.542740001,-7.26564999999994,0],[112.543010001,-7.26585999999998,0],[112.543170001,-7.26601999999997,0],[112.54322,-7.26606999999996,0],[112.54333,-7.26624999999996,0],[112.543400001,-7.26638000199995,0],[112.543400001,-7.26648999999998,0],[112.54339,-7.26658999999995,0],[112.54336,-7.26663999999994,0],[112.54331,-7.26669000099997,0],[112.5432,-7.26673999999997,0],[112.54302,-7.26679000199994,0],[112.542780001,-7.26675999999998,0],[112.54259,-7.26673000099993,0],[112.54253,-7.26671999999996,0],[112.542476542,-7.26669327099995,0],[112.54243,-7.26667000099997,0],[112.54221,-7.26649999999995,0],[112.54195,-7.26628000099993,0],[112.54173,-7.26613999999995,0],[112.54161,-7.26607999999993,0],[112.541490001,-7.26606999999996,0],[112.54142,-7.26608999999996,0],[112.54134,-7.26613999999995,0],[112.54128,-7.26624999999996,0],[112.54124,-7.26638999999994,0],[112.541217278,-7.26649452299995,0],[112.54119,-7.26661999999993,0],[112.54119,-7.26667999999995,0],[112.541200001,-7.26699999999994,0],[112.54122,-7.26730999999995,0],[112.54121,-7.26751999999993,0],[112.541200001,-7.26766999999995,0],[112.54119,-7.26780999999994,0],[112.54119,-7.26792999999998,0],[112.54115,-7.26800000199995,0],[112.54096,-7.26801999999998,0],[112.54074,-7.26796999999993,0],[112.54061,-7.26788000099998,0],[112.5405,-7.26773999999995,0],[112.540486979,-7.26770093999994,0],[112.540420001,-7.26749999999993,0],[112.540340001,-7.26737999999995,0],[112.54023,-7.26730999999995,0],[112.54002,-7.26732999999996,0],[112.539870001,-7.26743999999997,0],[112.539749999,-7.26757000199996,0],[112.53967,-7.26765999999998,0],[112.539560001,-7.26781999999997,0],[112.53955,-7.26790000099993,0],[112.539553352,-7.26792681699993,0],[112.539560001,-7.26798000199994,0],[112.53961,-7.26811999999995,0],[112.53968,-7.26827000099996,0],[112.539810804,-7.26830633499998,0],[112.53986,-7.26831999999996,0],[112.54004,-7.26841999999994,0],[112.54011132,-7.26847943599995,0],[112.540159999,-7.26851999999997,0],[112.54022,-7.26864000099994,0],[112.54027,-7.26872000199995,0],[112.54031,-7.26883999999995,0],[112.54026,-7.26894999999996,0],[112.54017,-7.26911999999993,0],[112.54011,-7.26919999999996,0],[112.540019054,-7.26926911899994,0],[112.53986,-7.26938999999993,0],[112.53957,-7.26958999999994,0],[112.53944,-7.26969999999994,0],[112.53935,-7.26977999999997,0],[112.53929,-7.26995999999997,0],[112.539236949,-7.27015098399994,0],[112.539190001,-7.27032000199995,0],[112.539130001,-7.27051999999998,0],[112.53905,-7.27065000099998,0],[112.53896,-7.27073000199994,0],[112.53883,-7.27078999999998,0],[112.538740001,-7.27081999999996,0],[112.53849,-7.27085999999997,0],[112.538060001,-7.27089999999993,0],[112.53781,-7.27094999999997,0],[112.537650001,-7.27096000099993,0],[112.53754,-7.27096000099993,0],[112.537520364,-7.27095642999996,0],[112.53732,-7.27091999999993,0],[112.537180001,-7.27086999999995,0],[112.53709,-7.27079999999995,0],[112.53695,-7.27069999999998,0],[112.53678,-7.27053999999993,0],[112.53658,-7.27053999999993,0],[112.536259999,-7.27059000099996,0],[112.536010001,-7.27061999999995,0],[112.535829999,-7.27061000099997,0],[112.53567,-7.27057999999994,0],[112.53554,-7.27044999999993,0],[112.535419999,-7.27022000099993,0],[112.53534,-7.27009999999996,0],[112.53511,-7.26991000199996,0],[112.534840001,-7.26976999999994,0],[112.53458,-7.26975999999996,0],[112.53432,-7.26972999999998,0],[112.53385,-7.26969999999994,0],[112.5337,-7.26968999999997,0],[112.53352,-7.26971999999995,0],[112.533360001,-7.26975999999996,0],[112.53323,-7.26983000099995,0],[112.533099999,-7.26997999999998,0],[112.53303,-7.27013999999997,0],[112.533026048,-7.27018346699998,0],[112.532990001,-7.27057999999994,0],[112.53298,-7.27076999999997,0],[112.532910001,-7.27084999999994,0],[112.5328,-7.27090999999996,0],[112.53272,-7.27092999999996,0],[112.53259,-7.27093999999994,0],[112.53241,-7.27093999999994,0],[112.532210001,-7.27086999999995,0],[112.532140723,-7.27082051699995,0],[112.532070001,-7.27076999999997,0],[112.53198,-7.27063000099997,0],[112.53199,-7.27049999999997,0],[112.53201,-7.27014999999994,0],[112.53202,-7.27000999999996,0],[112.531949999,-7.26995000199997,0],[112.53173,-7.26985000099995,0],[112.53149,-7.26981999999998,0],[112.531109999,-7.26983999999993,0],[112.53084,-7.26983000099995,0],[112.530825408,-7.26982844799994,0],[112.530369999,-7.26977999999997,0],[112.530120001,-7.26979999999998,0],[112.53004016,-7.26980420399997,0],[112.52993,-7.26981000099994,0],[112.52969,-7.26985999999994,0],[112.529569999,-7.26995999999997,0],[112.529543871,-7.26999135499995,0],[112.52937,-7.27020000099998,0],[112.529159999,-7.27051999999998,0],[112.528990001,-7.27067999999997,0],[112.528789999,-7.27076999999997,0],[112.528549032,-7.27076397599996,0],[112.52839,-7.27075999999994,0],[112.528270001,-7.27075999999994,0],[112.52806,-7.27091999999993,0],[112.52779,-7.27121999999997,0],[112.527599999,-7.27149999999995,0],[112.5275,-7.27176999999995,0],[112.52744,-7.27195999999998,0],[112.527390001,-7.27205999999995,0],[112.5273,-7.27211999999997,0],[112.52718,-7.27213999999998,0],[112.52693,-7.27215000099994,0],[112.52648,-7.27205999999995,0],[112.52568,-7.27176000099996,0],[112.52504,-7.27154999999993,0],[112.52494,-7.27151999999995,0],[112.52451,-7.27151000099997,0],[112.523940001,-7.27147999999994,0],[112.52341,-7.27147000099995,0],[112.52301,-7.27143999999993,0],[112.52265,-7.27139000099993,0],[112.522139999,-7.27126999999996,0],[112.521990001,-7.27118999999993,0],[112.5217,-7.27077999999995,0],[112.521270001,-7.27018000099997,0],[112.52098,-7.27004999999997,0],[112.520470001,-7.27006999999998,0],[112.5203,-7.27022000099993,0],[112.520080001,-7.27036999999996,0],[112.5199,-7.27049999999997,0],[112.51973,-7.27051999999998,0],[112.519650001,-7.27049999999997,0],[112.51935,-7.27034000099997,0],[112.519019999,-7.27009999999996,0],[112.518850001,-7.26989000099996,0],[112.518830001,-7.26971999999995,0],[112.518850001,-7.26956000099995,0],[112.51896,-7.26936999999998,0],[112.51905,-7.26923999999997,0],[112.51923,-7.26909000099994,0],[112.51931,-7.26898999999997,0],[112.51935,-7.26893999999993,0],[112.51936,-7.26883999999995,0],[112.51936,-7.26876000099998,0],[112.51934,-7.26868999999994,0],[112.51919,-7.26866000099994,0],[112.51906,-7.26866000099994,0],[112.51876,-7.26885999999996,0],[112.51855,-7.26903999999996,0],[112.518400001,-7.26913999999994,0],[112.51823,-7.26909000099994,0],[112.518010001,-7.26901000099997,0],[112.51789,-7.26888999999994,0],[112.517660001,-7.26870999999994,0],[112.51722,-7.26806999999997,0],[112.5171,-7.26710999999995,0],[112.51656,-7.26500999999996,0],[112.51633,-7.26457999999997,0],[112.51603,-7.26447999999993,0],[112.5157,-7.26441000099993,0],[112.515380001,-7.26456999999994,0],[112.51496,-7.26490999999993,0],[112.5147,-7.26500999999996,0],[112.514420127,-7.26511700999993,0],[112.514368225,-7.26508690199995,0],[112.514364357,-7.26508684399994,0],[112.51385788,-7.26507920299997,0],[112.513756907,-7.26509744099997,0],[112.513662131,-7.26511529799996,0],[112.513608315,-7.26512243799993,0],[112.513587262,-7.26512368399995,0],[112.513560305,-7.26512377399996,0],[112.51354513,-7.26511912299998,0],[112.513536873,-7.26510631199994,0],[112.513529792,-7.26508771099998,0],[112.513516717,-7.26504101399996,0],[112.513507313,-7.26502006999993,0],[112.513453395,-7.26499683399993,0],[112.513309321,-7.26496585299998,0],[112.513174278,-7.26493366399995,0],[112.513040157,-7.26490915899996,0],[112.512942874,-7.26489185499997,0],[112.512900156,-7.26489054899997,0],[112.51285595,-7.26489069699994,0],[112.512751437,-7.26489981499998,0],[112.512685313,-7.26491088499995,0],[112.512603225,-7.26492661799995,0],[112.512561785,-7.26479385599993,0],[112.512553503,-7.26475138999996,0],[112.512553228,-7.26466893699995,0],[112.512566765,-7.26460822699994,0],[112.512571279,-7.26457385699996,0],[112.512600882,-7.26451643899998,0],[112.512621351,-7.26445172699994,0],[112.512627004,-7.26442286799994,0],[112.512625407,-7.26436953199993,0],[112.512619227,-7.26419632799997,0],[112.512619104,-7.26415980299993,0],[112.512643123,-7.26410701499998,0],[112.512643069,-7.26409101099995,0],[112.512613923,-7.26397240099993,0],[112.512597424,-7.26395102899994,0],[112.512410303,-7.26388746199996,0],[112.512414417,-7.26371087899997,0],[112.512302954,-7.26371794099992,0],[112.512252792,-7.26372362199993,0],[112.512011528,-7.26370308999998,0],[112.511953993,-7.26369207099998,0],[112.511647515,-7.26346336299997,0],[112.511619441,-7.26337476299994,0],[112.511555405,-7.26334035099995,0],[112.511339971,-7.26329532099993,0],[112.511248709,-7.26328000099994,0],[112.511060611,-7.26324842499997,0],[112.511048813,-7.26324509299997,0],[112.510773594,-7.26316737899998,0],[112.510612241,-7.26317225599996,0],[112.510623519,-7.26288227499998,0],[112.510646374,-7.26286122299996,0],[112.510657812,-7.26284301299995,0],[112.510662547,-7.26282970699998,0],[112.510663454,-7.26281062699996,0],[112.510661413,-7.26278106999996,0],[112.510645284,-7.26273628099995,0],[112.510632489,-7.26268415799996,0],[112.510668151,-7.26245050999995,0],[112.51044254,-7.26246617899994,0],[112.510427446,-7.26246297499995,0],[112.510360907,-7.26241663499997,0],[112.510348331,-7.26240754499997,0],[112.510331877,-7.26239973499997,0],[112.510307509,-7.26239258199996,0],[112.510287194,-7.26239129499993,0],[112.510254938,-7.26239212499996,0],[112.510203658,-7.26239817199996,0],[112.510158342,-7.26240157799998,0],[112.510023055,-7.26243023699993,0],[112.509935736,-7.26244499199993,0],[112.509890806,-7.26245174099995,0],[112.509848497,-7.26246110299996,0],[112.509814086,-7.26246519599994,0],[112.509775784,-7.26246667999993,0],[112.509704322,-7.26246691799997,0],[112.509680488,-7.26246301999993,0],[112.509623526,-7.26244476499994,0],[112.509514851,-7.26239232799998,0],[112.509426052,-7.26234380099993,0],[112.509383005,-7.26233336599995,0],[112.509292782,-7.26232788099998,0],[112.509237406,-7.26227020299996,0],[112.509199449,-7.26221861399995,0],[112.50871085,-7.26232728399998,0],[112.508821363,-7.26176637599997,0],[112.508877879,-7.26149396599993,0],[112.508915096,-7.26148082299994,0],[112.50896506,-7.26121412899994,0],[112.509107141,-7.26118517799995,0],[112.509185546,-7.26053532499998,0],[112.50923199,-7.25992969599997,0],[112.509222254,-7.25985387499998,0],[112.509218527,-7.25981121299998,0],[112.509218416,-7.25977803399996,0],[112.509226721,-7.25976028599996,0],[112.509238487,-7.25972824199994,0],[112.509241913,-7.25970327699997,0],[112.509252983,-7.25964194299996,0],[112.509247139,-7.25961321199998,0],[112.509221975,-7.25954630199993,0],[112.509171792,-7.25943363699997,0],[112.509466884,-7.25936186599995,0],[112.509440306,-7.25889327099998,0],[112.509572807,-7.25885784299993,0],[112.509592286,-7.25876501599993,0],[112.509659602,-7.25830560199995,0],[112.509784202,-7.25742351299994,0],[112.509834988,-7.25740381599996,0],[112.50985849,-7.25739786199995,0],[112.509894034,-7.25692752199996,0],[112.509885159,-7.25666201899998,0],[112.509791754,-7.25662046999997,0],[112.509830196,-7.25598882999998,0],[112.50981817,-7.25565200399996,0],[112.509808703,-7.25545530399995,0],[112.509817281,-7.25538511899992,0],[112.509841366,-7.25528522599996,0],[112.5098297,-7.25512333999995,0],[112.509804336,-7.25508590399994,0],[112.509757499,-7.25503588299995,0],[112.509755074,-7.25484603099994,0],[112.509767921,-7.25448859899996,0],[112.509775686,-7.25421969399997,0],[112.509779045,-7.25383815499993,0],[112.5098215,-7.25369381099995,0],[112.509939197,-7.25327238199998,0],[112.509963599,-7.25317800299996,0],[112.509966332,-7.25312429099995,0],[112.509970566,-7.25309525499995,0],[112.509956807,-7.25299973799997,0],[112.509926666,-7.25296295099997,0],[112.509903415,-7.25293183699995,0],[112.509887178,-7.25289961599998,0],[112.509884767,-7.25287078199995,0],[112.50989624,-7.25275104199994,0],[112.509926737,-7.25276016199996,0],[112.509985059,-7.25276132499994,0],[112.510121695,-7.25277940399997,0],[112.510303285,-7.25277608799996,0],[112.510347096,-7.25279185399995,0],[112.510397503,-7.25281546499997,0],[112.510441379,-7.25285103099998,0],[112.510475975,-7.25290253999998,0],[112.510530918,-7.25312187199995,0],[112.510714351,-7.25311122599993,0],[112.510829602,-7.25316581199996,0],[112.510966505,-7.25319700199998,0],[112.511106784,-7.25323315099996,0],[112.511261346,-7.25316338199997,0],[112.511279781,-7.25311585699995,0],[112.511406713,-7.25306805899993,0],[112.511458369,-7.25308542699997,0],[112.511492524,-7.25309453499995,0],[112.511604843,-7.25300863399997,0],[112.511636153,-7.25299306899996,0],[112.511683593,-7.25300014399994,0],[112.511724647,-7.25299548699996,0],[112.511871225,-7.25292764499994,0],[112.511966024,-7.25291738399994,0],[112.512018981,-7.25292172799993,0],[112.512025037,-7.25283437299993,0],[112.511988458,-7.25279263399995,0],[112.511981996,-7.25278081199997,0],[112.511988757,-7.25272573199993,0],[112.512006585,-7.25267558499996,0],[112.512024595,-7.25265753199994,0],[112.512050293,-7.25263819199995,0],[112.512069438,-7.25260214299993,0],[112.512073997,-7.25258088199996,0],[112.51206446,-7.25256509199994,0],[112.512056793,-7.25255001899995,0],[112.512049794,-7.25253358699996,0],[112.512047208,-7.25251904099997,0],[112.512044917,-7.25248179899995,0],[112.512049647,-7.25246749899998,0],[112.512057487,-7.25244441799993,0],[112.512075748,-7.25241171999994,0],[112.512100244,-7.25234609099994,0],[112.512105167,-7.25232202599994,0],[112.512140019,-7.25224885899996,0],[112.512161055,-7.25219797899996,0],[112.512163426,-7.25214761299998,0],[112.512175755,-7.25206068799997,0],[112.512217959,-7.25188587599996,0],[112.51223983,-7.25177170699993,0],[112.512279327,-7.25170340699998,0],[112.51231503,-7.25163927699998,0],[112.512350901,-7.25160326599996,0],[112.512372675,-7.25154939999993,0],[112.512388329,-7.25145161499995,0],[112.512383952,-7.25132595999997,0],[112.512389691,-7.25125569299996,0],[112.512396582,-7.25121697399993,0],[112.51251082,-7.25105810599996,0],[112.512590046,-7.25094645799993,0],[112.512656832,-7.25097724599993,0],[112.512712364,-7.25099252199993,0],[112.512758408,-7.25098396199996,0],[112.512932006,-7.25093537699996,0],[112.512907603,-7.25087280399993,0],[112.512910016,-7.25079052199993,0],[112.512939967,-7.25065842399994,0],[112.512945887,-7.25064222099996,0],[112.512959403,-7.25062011699993,0],[112.512977253,-7.25059881199996,0],[112.513009524,-7.25058089299995,0],[112.513070501,-7.25054931699998,0],[112.513088959,-7.25035234399996,0],[112.513126712,-7.25034281599994,0],[112.513175202,-7.25032918399995,0],[112.5132089,-7.25031297799995,0],[112.513243857,-7.25029396699995,0],[112.513270815,-7.25027235899995,0],[112.513304411,-7.25024801799998,0],[112.513379819,-7.25011106799997,0],[112.513447237,-7.24997369099998,0],[112.513465498,-7.24985175899997,0],[112.513483883,-7.24974456399997,0],[112.513518086,-7.24967863199993,0],[112.513550805,-7.24959335499994,0],[112.513588143,-7.24948230099994,0],[112.513625291,-7.24933643499998,0],[112.513604066,-7.24930874999995,0],[112.513550852,-7.24924952799995,0],[112.51348848,-7.24919820199995,0],[112.513431178,-7.24914469099997,0],[112.513361312,-7.24908561299998,0],[112.513292353,-7.24900709599996,0],[112.513198333,-7.24886980599996,0],[112.513154775,-7.24877312299998,0],[112.513139351,-7.24871603499997,0],[112.513138297,-7.24860185299997,0],[112.513181621,-7.24842378099993,0],[112.51318,-7.24840999999998,0],[112.513189363,-7.24834445899995,0],[112.513128259,-7.24830100199995,0],[112.51311706,-7.24825673999993,0],[112.513100155,-7.24820327199996,0],[112.513031659,-7.24819608699994,0],[112.512789837,-7.24816271699996,0],[112.512739043,-7.24806795699993,0],[112.512597531,-7.24801951499995,0],[112.512444379,-7.24795230699993,0],[112.512436086,-7.24763734899994,0],[112.512427258,-7.24740827999995,0],[112.512503881,-7.24709810199994,0],[112.51257775,-7.24697001699997,0],[112.512611598,-7.24693184099993,0],[112.512645497,-7.24690912599993,0],[112.512754168,-7.24684945599995,0],[112.512827728,-7.24685210599995,0],[112.513411713,-7.24693889999998,0],[112.513440555,-7.24694318699994,0],[112.513519668,-7.24690901999998,0],[112.513536766,-7.24690905299997,0],[112.513631415,-7.24692094399995,0],[112.513674308,-7.24690859599997,0],[112.513832419,-7.24678393699998,0],[112.513976719,-7.24663609299995,0],[112.51403,-7.24659999999994,0],[112.51427,-7.24643999999995,0],[112.51443,-7.24635000099994,0],[112.514555299,-7.24627406099995,0],[112.514581496,-7.24626448199996,0],[112.514706779,-7.24619318299995,0],[112.514844328,-7.24609831599997,0],[112.51507,-7.24596000099996,0],[112.515242032,-7.24586169699995,0],[112.515303396,-7.24583570599998,0],[112.515451293,-7.24576071499996,0],[112.515648063,-7.24565328599994,0],[112.5156774,-7.24563226799995,0],[112.51572,-7.24561000199998,0],[112.51584,-7.24550999999997,0],[112.515854431,-7.24548526199993,0],[112.51586476,-7.24547572299997,0],[112.515909932,-7.24542955399994,0],[112.515927951,-7.24539233599995,0],[112.515958183,-7.24529992699996,0],[112.515958788,-7.24519043899994,0],[112.515954732,-7.24513864799997,0],[112.515871807,-7.24501461299997,0],[112.515736212,-7.24481544099996,0],[112.51568937,-7.24474155099995,0],[112.515647089,-7.24469185999993,0],[112.515442437,-7.24445134599995,0],[112.515406157,-7.24436503399994,0],[112.515318084,-7.24410793199996,0],[112.515147828,-7.24390417299998,0],[112.515018726,-7.24379340199994,0],[112.515027666,-7.24375851399998,0],[112.5149,-7.24370000199997,0],[112.51466,-7.24356999999998,0],[112.514520001,-7.24345999999997,0],[112.514460001,-7.24335000199994,0],[112.51464,-7.24310999999994,0],[112.51484,-7.24284000099993,0],[112.514867995,-7.24278000999993,0],[112.514910001,-7.24268999999993,0],[112.514912482,-7.24266269699996,0],[112.514927099,-7.24262832699998,0],[112.51492533,-7.24259054199996,0],[112.514893068,-7.24252202899993,0],[112.514847824,-7.24245690299995,0],[112.514827387,-7.24244105999998,0],[112.514805632,-7.24243380899998,0],[112.514773573,-7.24242523599997,0],[112.514730026,-7.24242104199993,0],[112.514703811,-7.24241968399997,0],[112.514688439,-7.24233312099994,0],[112.514773658,-7.24211576399995,0],[112.514840889,-7.24194538999996,0],[112.515028413,-7.24159578499996,0],[112.515201973,-7.24151814099997,0],[112.51527,-7.24149999999997,0],[112.51543,-7.24141999999995,0],[112.51553,-7.24132000199995,0],[112.515630001,-7.24111999999997,0],[112.51564,-7.24103999999994,0],[112.51548271,-7.24088747499997,0],[112.515547083,-7.24086219399993,0],[112.515601668,-7.24084022299996,0],[112.515644737,-7.24054480199993,0],[112.515642787,-7.24018470799996,0],[112.515651033,-7.23996473299997,0],[112.51557,-7.23994999999996,0],[112.515514548,-7.23996732899997,0],[112.51541,-7.23999999999995,0],[112.51528,-7.24011999999993,0],[112.515222515,-7.24020453699995,0],[112.514947141,-7.24015465699995,0],[112.514877856,-7.24013490699997,0],[112.514779531,-7.24011706199997,0],[112.514617507,-7.24011940999998,0],[112.514482949,-7.24016343599993,0],[112.514278735,-7.24027739799993,0],[112.514213455,-7.24033864199993,0],[112.514148976,-7.24043902899996,0],[112.514116015,-7.24051896999993,0],[112.514037123,-7.24079760399997,0],[112.513821394,-7.24072789199994,0],[112.513819257,-7.24064707399998,0],[112.513811594,-7.24056572999996,0],[112.513787586,-7.24048706399998,0],[112.513749168,-7.24040853499997,0],[112.513696026,-7.24032589599994,0],[112.513647324,-7.24023085699997,0],[112.513637758,-7.24007194899997,0],[112.513587537,-7.24003631499994,0],[112.513544923,-7.23999821199993,0],[112.513530763,-7.23998415499995,0],[112.513501363,-7.23990044399994,0],[112.513492263,-7.23985897599994,0],[112.513491614,-7.23984297699997,0],[112.513494825,-7.23977597199996,0],[112.513504917,-7.23971238099995,0],[112.513513361,-7.23966940699995,0],[112.51351829,-7.23960248799995,0],[112.513540656,-7.23959210699996,0],[112.513616313,-7.23957467699995,0],[112.513655847,-7.23956252199997,0],[112.51377689,-7.23951872299995,0],[112.514088115,-7.23976595199997,0],[112.514104486,-7.23977141199993,0],[112.514142791,-7.23977128399997,0],[112.514185198,-7.23976978799993,0],[112.514259018,-7.23976131499995,0],[112.514298631,-7.23975024299995,0],[112.514334119,-7.23973376199996,0],[112.514372333,-7.23970642099994,0],[112.514396891,-7.23968174799995,0],[112.514407702,-7.23965440899997,0],[112.514407414,-7.23956852099997,0],[112.514400482,-7.23954937699995,0],[112.514365418,-7.23951387099993,0],[112.514188371,-7.23937785299995,0],[112.514064264,-7.23928640999998,0],[112.514144245,-7.23917590399998,0],[112.51444,-7.23898999999994,0],[112.51485,-7.23874999999992,0],[112.51525,-7.23841999999996,0],[112.51535,-7.23822999999993,0],[112.51538,-7.23804999999993,0],[112.51532,-7.23773999999997,0],[112.515249568,-7.23769304599995,0],[112.515107556,-7.23745503799995,0],[112.515058939,-7.23737234799995,0],[112.515026228,-7.23731671199994,0],[112.514990599,-7.23722361699993,0],[112.514987948,-7.23719486899995,0],[112.514982697,-7.23713793599995,0],[112.514977433,-7.23705983899993,0],[112.514967043,-7.23698935499993,0],[112.514939115,-7.23694406199996,0],[112.514875794,-7.23689888799993,0],[112.514807588,-7.23688907999997,0],[112.514719207,-7.23689687699994,0],[112.514663763,-7.23692987999993,0],[112.514623527,-7.23697783999995,0],[112.514484445,-7.23717979399993,0],[112.514254954,-7.23751302599993,0],[112.514219705,-7.23755838499994,0],[112.51409,-7.23779000099995,0],[112.513973223,-7.23796516599998,0],[112.513949999,-7.23799999999994,0],[112.51382,-7.23812000099997,0],[112.5137,-7.23816000099993,0],[112.51361,-7.23814999999996,0],[112.51349,-7.23806999999994,0],[112.51339,-7.23794999999996,0],[112.51336,-7.23779999999994,0],[112.51336,-7.23753999999997,0],[112.51345,-7.23727999999994,0],[112.513499999,-7.23710999999997,0],[112.513500192,-7.23710672899995,0],[112.51351,-7.23693999999995,0],[112.51346,-7.23677999999995,0],[112.51327,-7.23651999999993,0],[112.513181596,-7.23639079399993,0],[112.51314,-7.23632999999995,0],[112.51302,-7.23611999999997,0],[112.51291,-7.23599999999993,0],[112.5128,-7.23594999999995,0],[112.5127,-7.23594999999995,0],[112.512691341,-7.23595649399994,0],[112.512670216,-7.23595592399994,0],[112.512627976,-7.23596257499997,0],[112.512569485,-7.23597732399998,0],[112.512535373,-7.23600338499995,0],[112.512522457,-7.23602621199996,0],[112.512479849,-7.23621395199996,0],[112.512432499,-7.23645643199995,0],[112.51241,-7.23650999999995,0],[112.512292663,-7.23693534699993,0],[112.51225,-7.23709000099996,0],[112.512241283,-7.23712050799998,0],[112.512190065,-7.23740416399994,0],[112.512176956,-7.23745881399998,0],[112.51213243,-7.23754168699998,0],[112.512091166,-7.23759480499996,0],[112.512058492,-7.23773884399998,0],[112.512030548,-7.23782328899995,0],[112.511979648,-7.23792028699995,0],[112.511124637,-7.23819742899997,0],[112.5106549,-7.23723458699993,0],[112.510528262,-7.23723500699998,0],[112.510567435,-7.23700207199994,0],[112.510568463,-7.23690686799995,0],[112.510511666,-7.23686998799997,0],[112.510433752,-7.23674747099994,0],[112.510412713,-7.23669694999995,0],[112.510353364,-7.23655444099995,0],[112.510325703,-7.23647723299996,0],[112.510270796,-7.23640237499995,0],[112.510215936,-7.23636395099993,0],[112.510133831,-7.23635057199994,0],[112.510074604,-7.23634624699997,0],[112.509932381,-7.23638999999997,0],[112.509831879,-7.23642091899995,0],[112.509648021,-7.23651064099994,0],[112.5095363,-7.23657135899998,0],[112.50941,-7.23664000099996,0],[112.50917,-7.23676999999998,0],[112.50904,-7.23680999999993,0],[112.50897,-7.23676999999998,0],[112.508877915,-7.23669019399995,0],[112.508828509,-7.23654322199997,0],[112.508746062,-7.23644964999994,0],[112.508681832,-7.23637789599996,0],[112.508609566,-7.23633699999993,0],[112.50855446,-7.23631448999993,0],[112.508446771,-7.23628718099997,0],[112.50839202,-7.23628157599995,0],[112.508345645,-7.23627983099993,0],[112.508266573,-7.23630314699994,0],[112.508170174,-7.23634776899996,0],[112.508168069,-7.23634794299994,0],[112.508105752,-7.23635313399996,0],[112.508029627,-7.23631948199994,0],[112.507902005,-7.23624802899997,0],[112.507684785,-7.23599849399994,0],[112.507642159,-7.23593399199996,0],[112.507653979,-7.23580566299995,0],[112.507705507,-7.23569500999997,0],[112.507939699,-7.23527681399997,0],[112.507979753,-7.23517406499997,0],[112.507994786,-7.23513622399997,0],[112.508008946,-7.23508328799994,0],[112.508003728,-7.23504090399996,0],[112.507771108,-7.23492034299994,0],[112.50729477,-7.23466542799997,0],[112.506875564,-7.23460915399994,0],[112.506718966,-7.23458813399998,0],[112.506720397,-7.23447554199993,0],[112.506722045,-7.23434591499995,0],[112.50704174,-7.23422226099996,0],[112.507043933,-7.23400536099996,0],[112.50705856,-7.23398044999993,0],[112.507270731,-7.23390154299994,0],[112.507277661,-7.23388415299996,0],[112.50728058,-7.23387682899994,0],[112.507238701,-7.23378675299995,0],[112.50722,-7.23373999999995,0],[112.50716,-7.23354000099994,0],[112.507088083,-7.23329155999994,0],[112.507100138,-7.23327900299995,0],[112.507094937,-7.23319665699995,0],[112.507057262,-7.23318508599993,0],[112.50705,-7.23315999999994,0],[112.506889999,-7.23280999999997,0],[112.50678,-7.23259999999993,0],[112.50669,-7.23227999999995,0],[112.50666,-7.23214999999993,0],[112.50634,-7.23190999999997,0],[112.50614,-7.23169999999993,0],[112.50615,-7.23147000099993,0],[112.50618,-7.23130999999995,0],[112.50635,-7.23094999999995,0],[112.5064,-7.23067999999995,0],[112.50641,-7.23050999999998,0],[112.50642,-7.23034000099995,0],[112.5064,-7.23010999999997,0],[112.50649,-7.22989999999993,0],[112.50665,-7.22967999999997,0],[112.50678,-7.22956000099992,0],[112.50721,-7.22950999999995,0],[112.50735,-7.22932999999995,0],[112.50748,-7.22913999999997,0],[112.508,-7.22831999999994,0],[112.50852,-7.22769999999997,0],[112.50861,-7.22757999999993,0],[112.50863,-7.22750999999994,0],[112.50856,-7.22738999999996,0],[112.50857,-7.22698999999994,0],[112.5084,-7.22644000099996,0],[112.50779,-7.22531000099997,0],[112.50778,-7.22500999999994,0],[112.5078,-7.22482999999994,0],[112.5079,-7.22457999999995,0],[112.50798,-7.22447999999997,0],[112.50815,-7.22426999999993,0],[112.50825,-7.22416000099997,0],[112.5083,-7.22406000099994,0],[112.5084,-7.22393999999997,0],[112.50844,-7.22387999999995,0],[112.508469999,-7.22375999999997,0],[112.50848,-7.22357999999997,0],[112.50852,-7.22347999999994,0],[112.50868,-7.22334999999993,0],[112.50878,-7.22326000099997,0],[112.50889,-7.22314999999998,0],[112.50911,-7.22291999999993,0],[112.50953,-7.22256999999996,0],[112.509619999,-7.22232999999994,0],[112.50965,-7.22225999999995,0],[112.50954,-7.22207999999995,0],[112.509511552,-7.22204206899994,0],[112.509604649,-7.22175730099997,0],[112.509637432,-7.22164616999993,0],[112.50975933,-7.22165878599998,0],[112.509779094,-7.22156189199995,0],[112.50985466,-7.22149546099996,0],[112.510032008,-7.22156729199997,0],[112.510415938,-7.22172306399995,0],[112.510507679,-7.22155866699995,0],[112.510562111,-7.22155848599994,0],[112.510602098,-7.22141333599996,0],[112.510680949,-7.22130205199994,0],[112.510679686,-7.22125838799997,0],[112.510984674,-7.22075659899997,0],[112.511042636,-7.22080757899994,0],[112.511091609,-7.22084990899998,0],[112.511116796,-7.22090235399997,0],[112.511130713,-7.22093349899995,0],[112.511134454,-7.22093601799997,0],[112.511155738,-7.22093721399995,0],[112.511165727,-7.22093211699996,0],[112.511183194,-7.22090837299993,0],[112.511211936,-7.22088449899996,0],[112.511229446,-7.22087322999994,0],[112.511302062,-7.22086295599996,0],[112.511459826,-7.22086116599996,0],[112.511535524,-7.22065469199993,0],[112.511546375,-7.22052717799994,0],[112.511637276,-7.22037941799994,0],[112.511702523,-7.22026338799998,0],[112.511743084,-7.22026867799997,0],[112.511787482,-7.22014765199998,0],[112.511862792,-7.22004930899993,0],[112.511859815,-7.22002978999996,0],[112.511804857,-7.21996126099998,0],[112.511893662,-7.21987941799995,0],[112.511921261,-7.21984867699996,0],[112.512004506,-7.21993609899994,0],[112.512131294,-7.22000502299994,0],[112.512306981,-7.22009385599995,0],[112.512374926,-7.22011596299996,0],[112.512454509,-7.22013495499993,0],[112.512544051,-7.22014008299993,0],[112.512636548,-7.22011355699993,0],[112.512649359,-7.22010999899993,0],[112.51265,-7.22010999899993,0],[112.512880001,-7.22005999999993,0],[112.513099074,-7.22000523299994,0],[112.513169316,-7.22000845399998,0],[112.513275896,-7.22004046499995,0],[112.513429668,-7.22009537799994,0],[112.513563906,-7.22013679299994,0],[112.513594017,-7.22014284099993,0],[112.513631056,-7.22014425399993,0],[112.51365733,-7.22014181499998,0],[112.513669233,-7.22013244799996,0],[112.51369,-7.22014000099995,0],[112.513780001,-7.22012000099994,0],[112.51388,-7.22003999999993,0],[112.51404,-7.21994999999993,0],[112.51418,-7.21995999899997,0],[112.514460001,-7.22000999999995,0],[112.514540001,-7.22005999999993,0],[112.51537,-7.21983000099993,0],[112.516,-7.21971000099995,0],[112.516016526,-7.21970661999995,0],[112.51644,-7.21961999999996,0],[112.51669,-7.21952999899997,0],[112.517,-7.21949999999993,0],[112.517250001,-7.21949999999993,0],[112.51752,-7.21954999899998,0],[112.517616747,-7.21957579799994,0],[112.517629058,-7.21956203099995,0],[112.517712868,-7.21959502099998,0],[112.517772607,-7.21959672399993,0],[112.517919183,-7.21959930799994,0],[112.517953672,-7.21959666299995,0],[112.518056921,-7.21961512599995,0],[112.518116695,-7.21962749199997,0],[112.518310168,-7.21972096599995,0],[112.518349947,-7.21974262599997,0],[112.518411001,-7.21977586999998,0],[112.518425365,-7.21982898399995,0],[112.518527394,-7.21986191499997,0],[112.518603653,-7.21989185699994,0],[112.518787015,-7.21999856299993,0],[112.518870814,-7.22002784799997,0],[112.51893492,-7.22006316599993,0],[112.518970257,-7.22009125599993,0],[112.51918884,-7.22016900499995,0],[112.519324004,-7.22021972499994,0],[112.5194588,-7.22027135299993,0],[112.519545715,-7.22031689999994,0],[112.519674211,-7.22036041299998,0],[112.519788203,-7.22039836599993,0],[112.519954301,-7.22045513199993,0],[112.520029895,-7.22048688499996,0],[112.520061368,-7.22049871399997,0],[112.520065942,-7.22054950999996,0],[112.520054963,-7.22061527299996,0],[112.520002092,-7.22079192799993,0],[112.519982153,-7.22085790299997,0],[112.51994657,-7.22097962199996,0],[112.520097799,-7.22105569699994,0],[112.520230549,-7.22112088999995,0],[112.520377109,-7.22111787099993,0],[112.520456004,-7.22119924699996,0],[112.520508275,-7.22122294199994,0],[112.520655687,-7.22127389399998,0],[112.520784695,-7.22131387699994,0],[112.521042811,-7.22137955699998,0],[112.521215941,-7.22141794599997,0],[112.521391444,-7.22145144599995,0],[112.521625003,-7.22149713699997,0],[112.52175277,-7.22152310999996,0],[112.521828228,-7.22153687299993,0],[112.521861268,-7.22143631799997,0],[112.521883162,-7.22139664499997,0],[112.521899389,-7.22135925199996,0],[112.521920827,-7.22136225399993,0],[112.522106483,-7.22139499599996,0],[112.522129092,-7.22139049199995,0],[112.52218499,-7.22136019799996,0],[112.522214469,-7.22133369999995,0],[112.522265823,-7.22126192499996,0],[112.522334807,-7.22119262099994,0],[112.522336843,-7.22115382999993,0],[112.52234117,-7.22113057999996,0],[112.522353594,-7.22109473599994,0],[112.522372411,-7.22107270499993,0],[112.522394997,-7.22106132799996,0],[112.522432769,-7.22105867099998,0],[112.522472448,-7.22106802999997,0],[112.522503905,-7.22107479699997,0],[112.522512714,-7.22107476799994,0],[112.52254763,-7.22097673799993,0],[112.522599189,-7.22098849999998,0],[112.522713211,-7.22103513299993,0],[112.522817719,-7.22107248399993,0],[112.523058985,-7.22116769399997,0],[112.523416512,-7.22130934599994,0],[112.523468161,-7.22132553699993,0],[112.523485123,-7.22132927899997,0],[112.523490194,-7.22132736299994,0],[112.52349074,-7.22131226199997,0],[112.523495087,-7.22129470899995,0],[112.523501982,-7.22128022099997,0],[112.523513893,-7.22126951199994,0],[112.523529635,-7.22126566299994,0],[112.523561645,-7.22125931699998,0],[112.523589922,-7.22125289499996,0],[112.523601202,-7.22123215299996,0],[112.523614786,-7.22116366799997,0],[112.523635173,-7.22105311999997,0],[112.523645181,-7.22103174999995,0],[112.523668043,-7.22096901999993,0],[112.523729011,-7.22078049399994,0],[112.523764031,-7.22066935499993,0],[112.52381311,-7.22065418299997,0],[112.523855731,-7.22042738399995,0],[112.52386838,-7.22041378099993,0],[112.523894083,-7.22039678799996,0],[112.523924966,-7.22023223099995,0],[112.52393304,-7.22016828499994,0],[112.523977696,-7.21999174699994,0],[112.523981372,-7.21995222699996,0],[112.524006878,-7.21985431799993,0],[112.524027771,-7.21976085599994,0],[112.523664496,-7.21968913399996,0],[112.523345994,-7.21962625199996,0],[112.52340143,-7.21936849199994,0],[112.523379522,-7.21935934199996,0],[112.523387791,-7.21908591899995,0],[112.523394264,-7.21892297999995,0],[112.523505019,-7.21866295399997,0],[112.523529854,-7.21852047599998,0],[112.523557276,-7.21845944999995,0],[112.52363994,-7.21832844099993,0],[112.523753256,-7.21814190999993,0],[112.523801304,-7.21804184799993,0],[112.523874297,-7.21785436699997,0],[112.523961415,-7.21764866599995,0],[112.52401285,-7.21755654999993,0],[112.524095981,-7.21727491799993,0],[112.524155656,-7.21714624699996,0],[112.524146284,-7.21709004299993,0],[112.524162246,-7.21704053699995,0],[112.524184033,-7.21701406299997,0],[112.524201237,-7.21700026499997,0],[112.524254744,-7.21683581199994,0],[112.524290129,-7.21674492399995,0],[112.524306973,-7.21662426199993,0],[112.524333309,-7.21652897299998,0],[112.524309028,-7.21650256399994,0],[112.524306645,-7.21648195999995,0],[112.524311167,-7.21644975799995,0],[112.524329513,-7.21642094699996,0],[112.52441608,-7.21616226899994,0],[112.524631386,-7.21546232399993,0],[112.524817007,-7.21479439399997,0],[112.524855844,-7.21464165399993,0],[112.524583928,-7.21455640199997,0],[112.524690905,-7.21419422699995,0],[112.524784009,-7.21385858999997,0],[112.52478039,-7.21380354299993,0],[112.524799737,-7.21373910599993,0],[112.524816314,-7.21353915699996,0],[112.524851167,-7.21338136199995,0],[112.524883319,-7.21323579099993,0],[112.524903697,-7.21314495099995,0],[112.524935625,-7.21304729399998,0],[112.524926936,-7.21286008699997,0],[112.524923327,-7.21280856399994,0],[112.524978468,-7.21277511099993,0],[112.525032275,-7.21270025199993,0],[112.525091901,-7.21262419999994,0],[112.525153872,-7.21257923999997,0],[112.525207885,-7.21254343899994,0],[112.525223915,-7.21251463499993,0],[112.525263715,-7.21238241399993,0],[112.525326862,-7.21233166599995,0],[112.525346333,-7.21230402499998,0],[112.525347182,-7.21229055099997,0],[112.525337394,-7.21224384099997,0],[112.525342403,-7.21222293999995,0],[112.525355331,-7.21220427399993,0],[112.525377332,-7.21219687599995,0],[112.525395364,-7.21218560599993,0],[112.525397046,-7.21217538399998,0],[112.525401421,-7.21214381599998,0],[112.525408663,-7.21209931099997,0],[112.525414806,-7.21208292699993,0],[112.525423212,-7.21207385699995,0],[112.525435056,-7.21206541099997,0],[112.52545767,-7.21206244199993,0],[112.525496048,-7.21206294599995,0],[112.52557063,-7.21206043599994,0],[112.525593764,-7.21205692499996,0],[112.525608378,-7.21205072699996,0],[112.525610052,-7.21203770199998,0],[112.525612241,-7.21202250799996,0],[112.525618918,-7.21198758699995,0],[112.525633509,-7.21188564699997,0],[112.525232079,-7.21183084199993,0],[112.525258503,-7.21151631199996,0],[112.525376878,-7.21148128899995,0],[112.525395992,-7.21130293799996,0],[112.524742664,-7.21118731699994,0],[112.524106358,-7.21107055099998,0],[112.523727915,-7.21103528799995,0],[112.523377878,-7.21098772399995,0],[112.523244222,-7.21096321899995,0],[112.523237247,-7.21095392899997,0],[112.523260374,-7.21072475399995,0],[112.5232921,-7.21065593699996,0],[112.523306029,-7.21064594599994,0],[112.523332022,-7.21064884299994,0],[112.523361999,-7.21065968099998,0],[112.523397952,-7.21067149599997,0],[112.52340493,-7.21065953799996,0],[112.523415829,-7.21063663099994,0],[112.523444616,-7.21058174599995,0],[112.523458464,-7.21054779699995,0],[112.523461341,-7.21051487899996,0],[112.523460223,-7.21049300299995,0],[112.523442396,-7.21043149399998,0],[112.523400192,-7.21035894399995,0],[112.523286182,-7.21029251099998,0],[112.52328982,-7.21017496699994,0],[112.523321091,-7.20996972499995,0],[112.523338667,-7.20982229999993,0],[112.523353367,-7.20975254499996,0],[112.523393016,-7.20966372299995,0],[112.523412725,-7.20959593999993,0],[112.523427162,-7.20942555999994,0],[112.523440046,-7.20937081999995,0],[112.523454882,-7.20934183899993,0],[112.523461833,-7.20932183399998,0],[112.523462289,-7.20930176199994,0],[112.523461253,-7.20928223699997,0],[112.523459178,-7.20926461399995,0],[112.523449851,-7.20924412199997,0],[112.52343505,-7.20921632599993,0],[112.523426624,-7.20919727699993,0],[112.523422175,-7.20918409199993,0],[112.523421693,-7.20917432999994,0],[112.523427477,-7.20916210599995,0],[112.523437283,-7.20914742799994,0],[112.52346303,-7.20909888399996,0],[112.523491972,-7.20904598599998,0],[112.523537848,-7.20889946199998,0],[112.523575106,-7.20878795399994,0],[112.523603776,-7.20874283399996,0],[112.523606119,-7.20870657099994,0],[112.523611669,-7.20866930299997,0],[112.523615073,-7.20859316899993,0],[112.52362224,-7.20852560899993,0],[112.52361289,-7.20849869799997,0],[112.523586938,-7.20846316399997,0],[112.52357828,-7.20844167399997,0],[112.523581882,-7.20842511899997,0],[112.523593562,-7.20841214999996,0],[112.523610672,-7.20839382999998,0],[112.523611853,-7.20838948699998,0],[112.523614297,-7.20838333299997,0],[112.523614272,-7.20837600799996,0],[112.523613636,-7.20836434799998,0],[112.523608081,-7.20835514299995,0],[112.52359265,-7.20834045799995,0],[112.523580904,-7.20833317599994,0],[112.523521143,-7.20830200099994,0],[112.523468831,-7.20828807399994,0],[112.523457754,-7.20827951999996,0],[112.523425263,-7.20814211599998,0],[112.523374196,-7.20812085999995,0],[112.523332045,-7.20810897499996,0],[112.523230556,-7.20810253399998,0],[112.523155514,-7.20810097399993,0],[112.523183237,-7.20792901599998,0],[112.523183164,-7.20790686499993,0],[112.523164697,-7.20789960199994,0],[112.523117946,-7.20789605199997,0],[112.522928052,-7.20786693999997,0],[112.522759466,-7.20784598399996,0],[112.52257556,-7.20782119099994,0],[112.5225614,-7.20780650199993,0],[112.522464567,-7.20753984699996,0],[112.522424718,-7.20743446999995,0],[112.522414785,-7.20741117799997,0],[112.522412879,-7.20722087199994,0],[112.52241098,-7.20718914499997,0],[112.522369743,-7.20718196099995,0],[112.5223088,-7.20717664699993,0],[112.52226094,-7.20702021799997,0],[112.522260215,-7.20698215799996,0],[112.522274753,-7.20695317799994,0],[112.52227662,-7.20681900599993,0],[112.522247363,-7.20664343799996,0],[112.522194466,-7.20652101799993,0],[112.522141205,-7.20653584399997,0],[112.522028593,-7.20657482199994,0],[112.522020391,-7.20657792299994,0],[112.521991494,-7.20655460299997,0],[112.521967714,-7.20656598299996,0],[112.521927317,-7.20656530399998,0],[112.521851764,-7.20654476099998,0],[112.521745955,-7.20651943699994,0],[112.521672575,-7.20650123899998,0],[112.521621138,-7.20650330799998,0],[112.521622194,-7.20646162499997,0],[112.521606496,-7.20638871699992,0],[112.52158598,-7.20632658599993,0],[112.521578444,-7.20630581599994,0],[112.521557604,-7.20628084199996,0],[112.521511979,-7.20623425099996,0],[112.521488495,-7.20622257599996,0],[112.521438437,-7.20610032899998,0],[112.521335255,-7.20603413199996,0],[112.52127224,-7.20599021999993,0],[112.521255847,-7.20597752699996,0],[112.521255314,-7.20597436499997,0],[112.521255287,-7.20596640899993,0],[112.521264357,-7.20595462499995,0],[112.52127017,-7.20595144299995,0],[112.52128135,-7.20594552899996,0],[112.521299484,-7.20594284799995,0],[112.521318641,-7.20593319899996,0],[112.52134103,-7.20593041199993,0],[112.521349608,-7.20592776199993,0],[112.521354893,-7.20592295299997,0],[112.521358085,-7.20591760699995,0],[112.521361252,-7.20590430599998,0],[112.521360075,-7.20588722499997,0],[112.521357962,-7.20588090099994,0],[112.521319272,-7.20578673299997,0],[112.521310623,-7.20576813699995,0],[112.521292466,-7.20576394999995,0],[112.521282886,-7.20575711099997,0],[112.521271134,-7.20574810799997,0],[112.521264661,-7.20573212799997,0],[112.521241534,-7.20564821399995,0],[112.521233164,-7.20553432499997,0],[112.52124311,-7.20547199999993,0],[112.521256833,-7.20540017199994,0],[112.521266322,-7.20535701399996,0],[112.521266287,-7.20534688899994,0],[112.521260364,-7.20533949299994,0],[112.52124914,-7.20533211699995,0],[112.521132761,-7.20529416999995,0],[112.521124742,-7.20528506599993,0],[112.521112246,-7.20520952499993,0],[112.521104266,-7.20516769199997,0],[112.521101542,-7.20513415899995,0],[112.521101467,-7.20511182799993,0],[112.521105574,-7.20506715399995,0],[112.52112499,-7.20497866799997,0],[112.521129304,-7.20495107899995,0],[112.521118451,-7.20489894899993,0],[112.521105168,-7.20476645399998,0],[112.521112922,-7.20469563599994,0],[112.521122958,-7.20463819199995,0],[112.521132852,-7.20458228899997,0],[112.52113331,-7.20456311899994,0],[112.521527601,-7.20452824699993,0],[112.522030143,-7.20445971899994,0],[112.52224,-7.20446000099997,0],[112.52259,-7.20434999999998,0],[112.52287,-7.20424999999994,0],[112.52309,-7.20417000099997,0],[112.52328,-7.20409999999993,0],[112.52342,-7.20403999999996,0],[112.52353,-7.20399999999995,0],[112.52362,-7.20394999999996,0],[112.523699999,-7.20391999999993,0],[112.52377,-7.20388999999994,0],[112.52384,-7.20385999999996,0],[112.5239,-7.20382999999993,0],[112.52396,-7.20380000099993,0],[112.52405,-7.20376999999996,0],[112.524129999,-7.20374000099997,0],[112.52421,-7.20370999999994,0],[112.5243,-7.20366999999993,0],[112.52437,-7.20363999999995,0],[112.52444,-7.20359999999994,0],[112.52453,-7.20355999999992,0],[112.52459,-7.20351999999997,0],[112.52466,-7.20346999999992,0],[112.52474,-7.20339999999993,0],[112.5248,-7.20335000099993,0],[112.52486,-7.20329000099997,0],[112.52495,-7.20319999999998,0],[112.52502,-7.20312999999993,0],[112.52507,-7.20307999999994,0],[112.52511,-7.20302999999996,0],[112.52516,-7.20298000099996,0],[112.52521,-7.20292000099994,0],[112.525259999,-7.20286999999996,0],[112.52532,-7.20281999999997,0],[112.52537,-7.20275999999996,0],[112.52543,-7.20270999999997,0],[112.52548,-7.20265000099994,0],[112.52554,-7.20259000099998,0],[112.5256,-7.20253999999994,0],[112.525649999,-7.20247999999998,0],[112.5257,-7.20242999999994,0],[112.52576,-7.20237999999995,0],[112.52581,-7.20231999999993,0],[112.52586,-7.20226999999994,0],[112.52591,-7.20222000099994,0],[112.52596,-7.20216999999997,0],[112.526,-7.20212000099997,0],[112.52605,-7.20207999999997,0],[112.52611,-7.20200999999997,0],[112.52619,-7.20191999999997,0],[112.52625,-7.20185000099997,0],[112.52631,-7.20179000099995,0],[112.52638,-7.20171000099998,0],[112.526449999,-7.20162999999997,0],[112.5265,-7.20156999999995,0],[112.52655,-7.20152999999993,0],[112.5266,-7.20148999999998,0],[112.52665,-7.20144000099998,0],[112.52672,-7.20138999999995,0],[112.526799999,-7.20134000099995,0],[112.52688,-7.20127999999994,0],[112.52698,-7.20121999999998,0],[112.52708,-7.20115999999996,0],[112.527189999,-7.20109999999994,0],[112.52729,-7.20103999999998,0],[112.52739,-7.20099000099998,0],[112.52748,-7.20093999999995,0],[112.52756,-7.20088999999996,0],[112.527619999,-7.20084999999995,0],[112.52775,-7.20084999999995,0],[112.52792,-7.20077999999995,0],[112.52818,-7.20070000099997,0],[112.52894,-7.20036999999996,0],[112.529179999,-7.19974999999994,0],[112.52911,-7.19969999999995,0],[112.52907,-7.19956999999994,0],[112.52904,-7.19931999999994,0],[112.52906,-7.19919999999996,0],[112.52913,-7.19891999999993,0],[112.529159999,-7.19873999999993,0],[112.52924,-7.19834999999995,0],[112.52935,-7.19793000099997,0],[112.52947,-7.19734999999997,0],[112.52971,-7.19639000099994,0],[112.53004,-7.19494999999995,0],[112.53003,-7.19483999999994,0],[112.53016,-7.19419999999997,0],[112.53022,-7.19397000099997,0],[112.53027,-7.19380999999993,0],[112.52946,-7.19362000099994,0],[112.52947,-7.19350000099996,0],[112.5295,-7.19335999999993,0],[112.52952,-7.19323000099996,0],[112.52953,-7.19311000099998,0],[112.529549999,-7.19299999999993,0],[112.529569999,-7.19288999999998,0],[112.52958,-7.19280000099997,0],[112.529589999,-7.19270999999998,0],[112.5296,-7.19262999999995,0],[112.52961,-7.19254999999993,0],[112.52962,-7.19247999999993,0],[112.52963,-7.19241999999997,0],[112.52965,-7.19231999999994,0],[112.52966,-7.19223999999997,0],[112.52966,-7.19216999999998,0],[112.52967,-7.19208000099997,0],[112.52967,-7.19200000099994,0],[112.52967,-7.19192000099997,0],[112.52966,-7.19183999999996,0],[112.52965,-7.19173999999998,0],[112.52963,-7.19163999999995,0],[112.52961,-7.19153999999997,0],[112.529589999,-7.19145999999995,0],[112.52958,-7.19139999999993,0],[112.52958,-7.19133999999997,0],[112.52958,-7.19126000099993,0],[112.52958,-7.19114999999994,0],[112.52958,-7.19106999999997,0],[112.529589999,-7.19099999999997,0],[112.5296,-7.19091000099996,0],[112.52962,-7.19083000099994,0],[112.52967,-7.19075000099997,0],[112.52973,-7.19068999999996,0],[112.5298,-7.19063999999997,0],[112.52985,-7.19059999999996,0],[112.52991,-7.19055999999995,0],[112.529959999,-7.19052000099992,0],[112.53002,-7.19048000099997,0],[112.53009,-7.19042000099995,0],[112.53016,-7.19036000099993,0],[112.53021,-7.19029999999998,0],[112.53024,-7.19022999999993,0],[112.53024,-7.19014999999996,0],[112.53022,-7.19005000099997,0],[112.53018,-7.18994999999995,0],[112.53016,-7.18987999999996,0],[112.53013,-7.18981999999994,0],[112.53009,-7.18975999999998,0],[112.53003,-7.18968000099994,0],[112.52999,-7.18960999999996,0],[112.52993,-7.18952999999993,0],[112.52988,-7.18944999999997,0],[112.52984,-7.18939999999998,0],[112.52981,-7.18933000099997,0],[112.52975,-7.18921999999998,0],[112.52971,-7.18913999999995,0],[112.52968,-7.18907999999993,0],[112.52966,-7.18901999999997,0],[112.52963,-7.18896000099994,0],[112.52961,-7.18890000099998,0],[112.5296,-7.18880999999993,0],[112.52958,-7.18872999999996,0],[112.529569999,-7.18866999999995,0],[112.529569999,-7.18860999999993,0],[112.52956,-7.18855000099995,0],[112.52956,-7.18849000099993,0],[112.52956,-7.18841999999995,0],[112.52956,-7.18833999999993,0],[112.52956,-7.18826999999993,0],[112.52956,-7.18818999999996,0],[112.52956,-7.18810000099995,0],[112.52956,-7.18802000099993,0],[112.52956,-7.18793999999997,0],[112.529569999,-7.18784999999997,0],[112.529569999,-7.18777000099993,0],[112.52958,-7.18769000099996,0],[112.52958,-7.18761000099994,0],[112.529589999,-7.18753999999996,0],[112.5296,-7.18745999999993,0],[112.52961,-7.18738999999994,0],[112.52962,-7.18732000099993,0],[112.52963,-7.18724000099996,0],[112.52963,-7.18716999999998,0],[112.52964,-7.18708999999996,0],[112.52964,-7.18701000099998,0],[112.52965,-7.18693000099995,0],[112.52965,-7.18683999999996,0],[112.52966,-7.18674999999996,0],[112.52966,-7.18665999999996,0],[112.52967,-7.18656000099998,0],[112.52968,-7.18646000099994,0],[112.52969,-7.18634999999995,0],[112.5297,-7.18623999999994,0],[112.52971,-7.18613000099998,0],[112.52972,-7.18600999999995,0],[112.52973,-7.18589999999995,0],[112.52974,-7.18578999999994,0],[112.52975,-7.18568000099998,0],[112.52976,-7.18557999999996,0],[112.52976,-7.18548999999996,0],[112.52977,-7.18541000099998,0],[112.52977,-7.18533000099995,0],[112.52978,-7.18524999999994,0],[112.52978,-7.18516999999997,0],[112.52978,-7.18508999999995,0],[112.52978,-7.18500999999998,0],[112.52978,-7.18492000099997,0],[112.52978,-7.18482999999998,0],[112.52978,-7.18472999999994,0],[112.52978,-7.18463000099996,0],[112.52978,-7.18453000099993,0],[112.52978,-7.18441999999993,0],[112.52978,-7.18431999999996,0],[112.52977,-7.18420999999995,0],[112.52977,-7.18410999999998,0],[112.52976,-7.18400999999994,0],[112.52975,-7.18391999999994,0],[112.52973,-7.18383000099993,0],[112.52972,-7.18375000099996,0],[112.52971,-7.18366999999995,0],[112.5297,-7.18359999999996,0],[112.52968,-7.18352999999996,0],[112.52967,-7.18346999999994,0],[112.52966,-7.18340999999998,0],[112.52966,-7.18332999999996,0],[112.52965,-7.18323999999996,0],[112.52964,-7.18314999999996,0],[112.52963,-7.18303999999995,0],[112.52963,-7.18295999999998,0],[112.52963,-7.18289999999996,0],[112.52963,-7.18283999999994,0],[112.52962,-7.18276999999995,0],[112.52962,-7.18268999999998,0],[112.52962,-7.18258000099996,0],[112.52962,-7.18249999999995,0],[112.52963,-7.18241999999998,0],[112.52965,-7.18234999999993,0],[112.52967,-7.18229000099996,0],[112.52972,-7.18225000099994,0],[112.5298,-7.18221999999997,0],[112.52989,-7.18219999999997,0],[112.529979999,-7.18219000099998,0],[112.53005,-7.18217999999996,0],[112.53012,-7.18217999999996,0],[112.53019,-7.18217999999996,0],[112.53027,-7.18217999999996,0],[112.53038,-7.18217999999996,0],[112.53046,-7.18219000099998,0],[112.53052,-7.18219999999997,0],[112.53058,-7.18221000099993,0],[112.53064,-7.18221999999997,0],[112.5307,-7.18223000099994,0],[112.53077,-7.18225000099994,0],[112.53083,-7.18227000099995,0],[112.5309,-7.18229000099996,0],[112.53097,-7.18231000099996,0],[112.53103,-7.18233999999995,0],[112.5311,-7.18236999999993,0],[112.531169999,-7.18240999999995,0],[112.53124,-7.18244999999996,0],[112.53131,-7.18248999999997,0],[112.53138,-7.18254000099995,0],[112.53145,-7.18260000099997,0],[112.531519999,-7.18266000099993,0],[112.53159,-7.18271999999996,0],[112.53167,-7.18278999999995,0],[112.53174,-7.18287999999995,0],[112.53182,-7.18297999999993,0],[112.5319,-7.18309999999997,0],[112.53199,-7.18323999999996,0],[112.53208,-7.18342000099994,0],[112.53222,-7.18360999999993,0],[112.53236,-7.18364999999994,0],[112.53305,-7.18403999999992,0],[112.5332,-7.18420999999995,0],[112.53341,-7.18449000099997,0],[112.53346,-7.18492000099997,0],[112.533469999,-7.18510999999995,0],[112.53352,-7.18568999999997,0],[112.53358,-7.18578999999994,0],[112.53365,-7.18580999999995,0],[112.53389,-7.18582000099997,0],[112.53441,-7.18578999999994,0],[112.53455,-7.18568999999997,0],[112.53485,-7.18547999999993,0],[112.535,-7.18543999999997,0],[112.53549,-7.18556999999993,0],[112.53556,-7.18539000099997,0],[112.5356,-7.18533000099995,0],[112.53579,-7.18531000099995,0],[112.536,-7.18533999999994,0],[112.53644,-7.18543999999997,0],[112.53655,-7.18547999999993,0],[112.5367,-7.18557999999996,0],[112.53679,-7.18559999999997,0],[112.53691,-7.18556999999993,0],[112.53703,-7.18560999999994,0],[112.53719,-7.18598999999995,0],[112.5377,-7.18621999999993,0],[112.53796,-7.18631999999997,0],[112.53824,-7.18631999999997,0],[112.53855,-7.18629999999996,0],[112.53868,-7.18624999999997,0],[112.53874,-7.18617000099994,0],[112.538929999,-7.18615999999997,0],[112.53914,-7.18615999999997,0],[112.53939,-7.18607999999995,0],[112.53998,-7.18582000199996,0],[112.53998,-7.18564999999995,0],[112.539970001,-7.18546999999995,0],[112.54,-7.18524999999994,0],[112.54011,-7.18510999999995,0],[112.54024,-7.18445999999994,0],[112.54022,-7.18385000199993,0],[112.54024,-7.18309000199997,0],[112.54031,-7.18281999999994,0],[112.540360001,-7.18256999999994,0],[112.54039,-7.18241999999998,0],[112.54057,-7.18215999999995,0],[112.54072,-7.18192999999997,0],[112.54087,-7.18174000099998,0],[112.54101,-7.18157999999994,0],[112.54109,-7.18141999999995,0],[112.541140001,-7.18119999999993,0],[112.54109,-7.18083999999993,0],[112.54103,-7.18067999999994,0],[112.54113,-7.18067999999994,0],[112.54125,-7.18069000199995,0],[112.54134,-7.18073000199996,0],[112.54144,-7.18073000199996,0],[112.54154,-7.18075000199997,0],[112.54163,-7.18075999999996,0],[112.54169,-7.18076999999994,0],[112.54175,-7.18077999999997,0],[112.54185,-7.18077999999997,0],[112.541920001,-7.18079999999998,0],[112.54201,-7.18079999999998,0],[112.542089999,-7.18081999999993,0],[112.54216,-7.18082999999996,0],[112.54222,-7.18083999999993,0],[112.542290001,-7.18085999999994,0],[112.54238,-7.18086999999997,0],[112.542479999,-7.18088999999998,0],[112.54259,-7.18090999999993,0],[112.542700001,-7.18092999999993,0],[112.54281,-7.18094999999994,0],[112.54292,-7.18096999999995,0],[112.543030001,-7.18098999999995,0],[112.54312,-7.18100999999996,0],[112.54321,-7.18102999999996,0],[112.54329,-7.18104000099993,0],[112.54337,-7.18106000199998,0],[112.54343,-7.18106999999998,0],[112.54349,-7.18108999999993,0],[112.54355,-7.18110000199994,0],[112.54362,-7.18110999999993,0],[112.543689999,-7.18112999999994,0],[112.54375,-7.18114999999995,0],[112.543830001,-7.18117999999993,0],[112.543890001,-7.18120999999996,0],[112.54396,-7.18123999999995,0],[112.544039999,-7.18125999999995,0],[112.54412,-7.18127999999996,0],[112.54419,-7.18130999999994,0],[112.544280001,-7.18131999999997,0],[112.54439,-7.18135000099994,0],[112.544469999,-7.18137000099995,0],[112.54453,-7.18137999999993,0],[112.544590001,-7.18139999999994,0],[112.544650001,-7.18141000099996,0],[112.544710001,-7.18141999999995,0],[112.544799999,-7.18143000099997,0],[112.54491,-7.18145000199996,0],[112.544980001,-7.18147000199997,0],[112.54507,-7.18147999999997,0],[112.54517,-7.18149999999997,0],[112.54524,-7.18151999999998,0],[112.54532,-7.18153000199993,0],[112.5454,-7.18153999999993,0],[112.54548,-7.18154999999996,0],[112.54558,-7.18155999999993,0],[112.54567,-7.18155999999993,0],[112.545740001,-7.18156999999997,0],[112.545820001,-7.18157999999994,0],[112.54589,-7.18158999999997,0],[112.54596,-7.18158999999997,0],[112.54605,-7.18160999999998,0],[112.54611,-7.18162999999993,0],[112.546190001,-7.18164999999993,0],[112.546290001,-7.18167999999997,0],[112.54639,-7.18168999999995,0],[112.54648,-7.18168999999995,0],[112.546560001,-7.18169999999998,0],[112.54663,-7.18169999999998,0],[112.54671,-7.18170999999995,0],[112.546789999,-7.18170999999995,0],[112.54687,-7.18171999999993,0],[112.54696,-7.18171999999993,0],[112.54706,-7.18172999999996,0],[112.54715,-7.18174000099998,0],[112.54724,-7.18174999999997,0],[112.54733,-7.18176000099993,0],[112.54741,-7.18176999999997,0],[112.54749,-7.18176999999997,0],[112.547589999,-7.18178000099994,0],[112.54769,-7.18178999999998,0],[112.547770001,-7.18180000099994,0],[112.547830001,-7.18180000099994,0],[112.54789,-7.18180999999993,0],[112.54795,-7.18180999999993,0],[112.54802,-7.18180999999993,0],[112.548100001,-7.18180999999993,0],[112.54819,-7.18180999999993,0],[112.54828,-7.18182000099995,0],[112.548369999,-7.18182000099995,0],[112.54846,-7.18182000099995,0],[112.548550001,-7.18182000099995,0],[112.54864,-7.18182000099995,0],[112.548719999,-7.18182000099995,0],[112.5488,-7.18182000099995,0],[112.548880001,-7.18182000099995,0],[112.54895,-7.18180999999993,0],[112.54903,-7.18180999999993,0],[112.549109999,-7.18180999999993,0],[112.54918,-7.18180999999993,0],[112.54926,-7.18180000099994,0],[112.54934,-7.18180000099994,0],[112.54942,-7.18178999999998,0],[112.549499999,-7.18178999999998,0],[112.54957,-7.18178000099994,0],[112.54964,-7.18176000099993,0],[112.54973,-7.18172999999996,0],[112.54981,-7.18166999999994,0],[112.54985,-7.18161999999995,0],[112.54988,-7.18155999999993,0],[112.549909999,-7.18147999999997,0],[112.54997,-7.18137999999993,0],[112.550050001,-7.18135000099994,0],[112.550170001,-7.18133999999998,0],[112.55026,-7.18133999999998,0],[112.550339999,-7.18133999999998,0],[112.55042,-7.18132999999995,0],[112.55049,-7.18131999999997,0],[112.55059,-7.18130999999994,0],[112.55068,-7.18129999999996,0],[112.55076,-7.18128999999993,0],[112.55082,-7.18127999999996,0],[112.55088,-7.18127999999996,0],[112.550950001,-7.18126999999993,0],[112.55102,-7.18126999999993,0],[112.55109,-7.18125999999995,0],[112.55116,-7.18124999999998,0],[112.551220001,-7.18124999999998,0],[112.55129,-7.18123999999995,0],[112.55135,-7.18123999999995,0],[112.55144,-7.18122999999997,0],[112.55155,-7.18120999999996,0],[112.551650001,-7.18118999999996,0],[112.55176,-7.18116999999995,0],[112.55183,-7.18114999999995,0],[112.551899999,-7.18112000199994,0],[112.55199,-7.18108999999993,0],[112.55207,-7.18104999999997,0],[112.55213,-7.18102000099998,0],[112.55219,-7.18098999999995,0],[112.552249999,-7.18096000099996,0],[112.55231,-7.18091999999996,0],[112.55236,-7.18087999999995,0],[112.55242,-7.18083999999993,0],[112.55248,-7.18079999999998,0],[112.552530001,-7.18075999999996,0],[112.55258,-7.18071999999995,0],[112.552639999,-7.18067999999994,0],[112.55272,-7.18063999999993,0],[112.55283,-7.18061000099993,0],[112.552880001,-7.18052999999998,0],[112.552880001,-7.18043999999998,0],[112.552880001,-7.18034999999998,0],[112.552860001,-7.18026000099997,0],[112.55285,-7.18016999999998,0],[112.552840001,-7.18008999999995,0],[112.55285,-7.18000999999998,0],[112.55287,-7.17995000199994,0],[112.552940001,-7.17989999999998,0],[112.553029999,-7.17985999999996,0],[112.55312,-7.17983000099997,0],[112.55322,-7.17981999999995,0],[112.553310001,-7.17979999999994,0],[112.5534,-7.17979000099996,0],[112.55349,-7.17979999999994,0],[112.55356,-7.17983000099997,0],[112.55359,-7.17987999999997,0],[112.553620001,-7.17995000199994,0],[112.553620001,-7.18003999999996,0],[112.55363,-7.18009999999992,0],[112.55365,-7.18016999999998,0],[112.55367,-7.18026000099997,0],[112.55369,-7.18032000199997,0],[112.55371,-7.18037999999996,0],[112.55375,-7.18044999999995,0],[112.5538,-7.18052999999998,0],[112.55387,-7.18055999999996,0],[112.55393,-7.18057000099998,0],[112.55402,-7.18057999999996,0],[112.55414,-7.18059000099993,0],[112.55431,-7.18059999999997,0],[112.55453,-7.18061999999998,0],[112.55478,-7.18063999999993,0],[112.55505,-7.18065999999993,0],[112.55534,-7.18067999999994,0],[112.555630001,-7.18069999999994,0],[112.555920001,-7.18073000199996,0],[112.556189999,-7.18075000199997,0],[112.55642,-7.18076999999994,0],[112.55662,-7.18077999999997,0],[112.55679,-7.18078999999994,0],[112.55692,-7.18079999999998,0],[112.55702,-7.18080999999995,0],[112.557110001,-7.18081999999993,0],[112.55718,-7.18081999999993,0],[112.55724,-7.18082999999996,0],[112.55733,-7.18083999999993,0],[112.55744,-7.18084999999996,0],[112.557520001,-7.18086999999997,0],[112.55759,-7.18087999999995,0],[112.55768,-7.18089999999995,0],[112.55774,-7.18090999999993,0],[112.55782,-7.18091999999996,0],[112.5579,-7.18093999999996,0],[112.55796,-7.18094999999994,0],[112.55802,-7.18096000099996,0],[112.55809,-7.18096000099996,0],[112.558159999,-7.18096999999995,0],[112.55822,-7.18096999999995,0],[112.55829,-7.18096999999995,0],[112.55837,-7.18098000099997,0],[112.55846,-7.18098000099997,0],[112.55856,-7.18098000099997,0],[112.55866,-7.18098000099997,0],[112.558770001,-7.18098000099997,0],[112.55888,-7.18098000099997,0],[112.55899,-7.18098000099997,0],[112.55911,-7.18098000099997,0],[112.55922,-7.18098000099997,0],[112.55934,-7.18096999999995,0],[112.559450001,-7.18096999999995,0],[112.559570001,-7.18096999999995,0],[112.55967,-7.18096000099996,0],[112.55977,-7.18096000099996,0],[112.559860001,-7.18096000099996,0],[112.55995,-7.18094999999994,0],[112.56003,-7.18094999999994,0],[112.5601,-7.18094999999994,0],[112.56016,-7.18094999999994,0],[112.56022,-7.18094999999994,0],[112.56028,-7.18094999999994,0],[112.560370001,-7.18094999999994,0],[112.560479999,-7.18094999999994,0],[112.56059,-7.18094999999994,0],[112.560660001,-7.18096000099996,0],[112.560720001,-7.18096000099996,0],[112.5608,-7.18096000099996,0],[112.5609,-7.18096000099996,0],[112.561,-7.18096000099996,0],[112.5611,-7.18096000099996,0],[112.56121,-7.18093999999996,0],[112.56132,-7.18092999999993,0],[112.561400001,-7.18090999999993,0],[112.56149,-7.18088999999998,0],[112.5616,-7.18085999999994,0],[112.561669999,-7.18083999999993,0],[112.56173,-7.18080999999995,0],[112.56182,-7.18075999999996,0],[112.561890001,-7.18071000199996,0],[112.56194,-7.18067000199994,0],[112.562,-7.18063000099994,0],[112.562059999,-7.18054999999993,0],[112.56246,-7.18061000099993,0],[112.562570001,-7.18063000099994,0],[112.5627,-7.18034999999998,0],[112.56277,-7.18020999999993,0],[112.56291,-7.18012999999996,0],[112.562960001,-7.18015999999994,0],[112.56318,-7.18028000199996,0],[112.56411,-7.18075999999996,0],[112.56441,-7.18083999999993,0],[112.564640001,-7.18089999999995,0],[112.56498,-7.18100000099997,0],[112.565320001,-7.18102000099998,0],[112.565549999,-7.18102000099998,0],[112.565850001,-7.18106999999998,0],[112.56615,-7.18119999999993,0],[112.566329999,-7.18124999999998,0],[112.566719999,-7.18128999999993,0],[112.56697,-7.18133999999998,0],[112.5671,-7.18141999999995,0],[112.56716,-7.18149000199998,0],[112.56721,-7.18153999999993,0],[112.56763,-7.18165999999997,0],[112.56783,-7.18171999999993,0],[112.567909999,-7.18168999999995,0],[112.567949999,-7.18159999999995,0],[112.5682,-7.18104999999997,0],[112.56829,-7.18088999999998,0],[112.56839,-7.18065000099995,0],[112.568580001,-7.18061000099993,0],[112.56864,-7.18057000099998,0],[112.568669999,-7.18049999999994,0],[112.56872,-7.18032999999997,0],[112.569099999,-7.17907999999994,0],[112.56929,-7.17866000099997,0],[112.56953,-7.17809999999997,0],[112.569690001,-7.17770999999993,0],[112.569879999,-7.17706999999996,0],[112.56998,-7.17679000199996,0],[112.570100001,-7.17650999999995,0],[112.57044,-7.17595999999998,0],[112.5707,-7.17564000199997,0],[112.57073,-7.17556999999994,0],[112.57095,-7.17527999999993,0],[112.571069999,-7.17503999999997,0],[112.5712,-7.17454999999995,0],[112.5713,-7.17445000199996,0],[112.57147,-7.17433999999997,0],[112.571700001,-7.17441000199995,0],[112.57189,-7.17441999999994,0],[112.572199999,-7.17453999999998,0],[112.57232,-7.17456999999996,0],[112.572380001,-7.17447999999996,0],[112.57247,-7.17433000099993,0],[112.57253,-7.17427999999995,0],[112.57264,-7.17429999999996,0],[112.57274,-7.17433999999997,0],[112.572850001,-7.17431999999997,0],[112.57295,-7.17428999999993,0],[112.57313,-7.17435000099994,0],[112.57327,-7.17439999999993,0],[112.57347,-7.17435000099994,0],[112.573779999,-7.17429999999996,0],[112.573960001,-7.17429999999996,0],[112.57411,-7.17435999999998,0],[112.57424,-7.17441999999994,0],[112.574370001,-7.17435000099994,0],[112.574470001,-7.17431000099998,0],[112.57465,-7.17433999999997,0],[112.574800001,-7.17437999999993,0],[112.57501,-7.17433999999997,0],[112.57516,-7.17433000099993,0],[112.575230001,-7.17431999999997,0],[112.57532,-7.17419999999993,0],[112.57543,-7.17400999999995,0],[112.57551,-7.17390999999998,0],[112.575620001,-7.17389999999995,0],[112.57582,-7.17375999999996,0],[112.576420001,-7.17372999999998,0],[112.577120001,-7.17298999999997,0],[112.577840001,-7.17211999999995,0],[112.57841,-7.17156999999997,0],[112.579170001,-7.17066999999997,0],[112.579279999,-7.17026999999996,0],[112.57934,-7.16988999999995,0],[112.57974,-7.16950999999995,0],[112.579854501,-7.16946596099996,0],[112.579930243,-7.16943683099993,0],[112.579941219,-7.16940255599997,0],[112.579969737,-7.16938066799997,0],[112.58001183,-7.16937717999997,0],[112.580047096,-7.16936358699996,0],[112.58034995,-7.16885861699996,0],[112.580471047,-7.16866554299997,0],[112.58051223,-7.16868212799994,0],[112.580714221,-7.16871725599998,0],[112.58073,-7.16871999999995,0],[112.58104,-7.16824999999994,0],[112.58109,-7.16817999999995,0],[112.581239271,-7.16825070899995,0],[112.58128,-7.16826999999995,0],[112.58139,-7.16832999999997,0],[112.581460148,-7.16832123199993,0],[112.58147,-7.16831999999994,0],[112.581814615,-7.16783897499994,0],[112.58195,-7.16764999999998,0],[112.581951056,-7.16765017599994,0],[112.581982777,-7.16759236399997,0],[112.582227468,-7.16730267199995,0],[112.582947854,-7.16783259799996,0],[112.583375812,-7.16810189199998,0],[112.583642126,-7.16821515899994,0],[112.583802193,-7.16828177999997,0],[112.583856245,-7.16834713799994,0],[112.583965874,-7.16840046299995,0],[112.584339405,-7.16860349499996,0],[112.584649529,-7.16873505199993,0],[112.584780877,-7.16876488499997,0],[112.584917464,-7.16884162199995,0],[112.585118082,-7.16895520399993,0],[112.585178876,-7.16900535099995,0],[112.585210218,-7.16904493099997,0],[112.585321375,-7.16908649699997,0],[112.585414167,-7.16915000399996,0],[112.585417804,-7.16915222999995,0],[112.58576,-7.16924999999998,0],[112.585718072,-7.16933170399994,0],[112.585776693,-7.16936545899995,0],[112.586003032,-7.16959810699996,0],[112.586620387,-7.17025377699997,0],[112.587394811,-7.17107895499993,0],[112.587503627,-7.17119900099993,0],[112.587594009,-7.17203178799997,0],[112.587684052,-7.17281042099995,0],[112.587708231,-7.17304228599994,0],[112.58775,-7.17303000099997,0],[112.58799,-7.17301999999995,0],[112.58849,-7.17316000099993,0],[112.58884,-7.17330000199996,0],[112.58965,-7.17396000099995,0],[112.58976,-7.17404000199997,0],[112.58989,-7.17404999999997,0],[112.58991,-7.17418000199996,0],[112.59013,-7.17439999999993,0],[112.59031,-7.17457000199994,0],[112.590321579,-7.17463368699993,0],[112.59033,-7.17467999999997,0],[112.59037,-7.17478000099993,0],[112.59045,-7.17482000199993,0],[112.590589999,-7.17488000199995,0],[112.59064,-7.17496000199998,0],[112.59064,-7.17506999999995,0],[112.59066,-7.17517999999995,0],[112.59074,-7.17527000199993,0],[112.590879999,-7.17535000199996,0],[112.59101,-7.17537999999996,0],[112.59111,-7.17529000199994,0],[112.591344286,-7.17506408099996,0],[112.591389999,-7.17501999999996,0],[112.59148,-7.17502999999994,0],[112.59162,-7.17509000099994,0],[112.59177,-7.17519000199997,0],[112.59177,-7.17529000199994,0],[112.591707804,-7.17535997199997,0],[112.59169,-7.17537999999996,0],[112.59163,-7.17554000099994,0],[112.59165,-7.17560999999995,0],[112.59175,-7.17576000099996,0],[112.59186,-7.17583999999994,0],[112.591914931,-7.17586313099997,0],[112.59243,-7.17607999999996,0],[112.592499998,-7.17611999999997,0],[112.592494576,-7.17614634599994,0],[112.593195579,-7.17643245499994,0],[112.593698979,-7.17649453599995,0],[112.595067357,-7.17666670799997,0],[112.596210289,-7.17680069599993,0],[112.596575738,-7.17686659899994,0],[112.596745776,-7.17690126599996,0],[112.597952875,-7.17713112499996,0],[112.598198753,-7.17718397099998,0],[112.599443119,-7.17743892399994,0],[112.600259467,-7.17760468599994,0],[112.599974093,-7.17827757699996,0],[112.599924335,-7.17839394799995,0],[112.599922333,-7.17839863099994,0],[112.599902227,-7.17856287799998,0],[112.599954492,-7.17858620199996,0],[112.599848103,-7.17896953299993,0],[112.599751308,-7.17915271799995,0],[112.59968,-7.17954999999995,0],[112.599470001,-7.18024999999994,0],[112.59938,-7.18059999999997,0],[112.598980001,-7.18124999999998,0],[112.598929923,-7.18131176299994,0],[112.59882436,-7.18144195699995,0],[112.59868,-7.18161999999995,0],[112.598623888,-7.18168078799994,0],[112.59856,-7.18174999999997,0],[112.59837,-7.18217000099997,0],[112.598345418,-7.18223964899994,0],[112.59831,-7.18233999999995,0],[112.598205362,-7.18252602299998,0],[112.59813,-7.18266000199998,0],[112.598055521,-7.18282614899994,0],[112.598,-7.18295000099994,0],[112.59782,-7.18334999999996,0],[112.597629999,-7.18375000099996,0],[112.597259999,-7.18439999999993,0],[112.59718,-7.18466999999993,0],[112.59718,-7.18475999999993,0],[112.5972,-7.18482999999998,0],[112.59714,-7.18496999999996,0],[112.596953534,-7.18528965599995,0],[112.59693,-7.18533000099995,0],[112.596924557,-7.18534286499994,0],[112.59682,-7.18558999999993,0],[112.596736406,-7.18581291899994,0],[112.596708909,-7.18588624399996,0],[112.59661,-7.18615000199998,0],[112.59655,-7.18644999999998,0],[112.596499999,-7.18670999999995,0],[112.59647,-7.18697999999995,0],[112.59647,-7.18740000199995,0],[112.596464156,-7.18756947399993,0],[112.596459999,-7.18769000099996,0],[112.596390001,-7.18780999999996,0],[112.596368108,-7.18789757299993,0],[112.59636,-7.18792999999994,0],[112.59616,-7.18890000199997,0],[112.5961,-7.18958999999995,0],[112.596124043,-7.18962539699993,0],[112.596484625,-7.19015625199995,0],[112.59682,-7.19064999999995,0],[112.596889999,-7.19083999999998,0],[112.59708,-7.19153000099993,0],[112.59704,-7.19179999999994,0],[112.59696,-7.19190999999995,0],[112.596760001,-7.19206999999994,0],[112.5966,-7.19211999999993,0],[112.59621,-7.19222999999994,0],[112.59606,-7.19233999999994,0],[112.59595,-7.19247999999993,0],[112.59582,-7.19250999999997,0],[112.595810609,-7.19250921699995,0],[112.595815277,-7.19257046799993,0],[112.595846146,-7.19260191099994,0],[112.595923941,-7.19264485399998,0],[112.595955679,-7.19268976499995,0],[112.595969292,-7.19271855699998,0],[112.595982043,-7.19275630299995,0],[112.59600806,-7.19295899399998,0],[112.595993511,-7.19300442799994,0],[112.595963092,-7.19308038499997,0],[112.595950877,-7.19323863999995,0],[112.595838557,-7.19337870799995,0],[112.595751679,-7.19355692999994,0],[112.595542126,-7.19373214399997,0],[112.59540243,-7.19368688499998,0],[112.59539536,-7.19369305699996,0],[112.595364631,-7.19385164699997,0],[112.59528591,-7.19407839099995,0],[112.595248096,-7.19419640999996,0],[112.595237649,-7.19424047399997,0],[112.595237752,-7.19426958499997,0],[112.595268855,-7.19432579999994,0],[112.595348614,-7.19439603899997,0],[112.595421992,-7.19443547099996,0],[112.595468477,-7.19447038699997,0],[112.595472165,-7.19450029899997,0],[112.595471771,-7.19464395599994,0],[112.595472766,-7.19467215899994,0],[112.595752965,-7.19473727199994,0],[112.59589226,-7.19477448599997,0],[112.596000172,-7.19480403199998,0],[112.596045206,-7.19480830499998,0],[112.596112304,-7.19480282899997,0],[112.596129082,-7.19479653199994,0],[112.59614049,-7.19477099699998,0],[112.596165793,-7.19464054299993,0],[112.596223953,-7.19436369699997,0],[112.596267674,-7.19418390699997,0],[112.596284346,-7.19414768699994,0],[112.596307247,-7.19414236299997,0],[112.596350533,-7.19413778399996,0],[112.596589933,-7.19415014699996,0],[112.596702997,-7.19415861499994,0],[112.596888245,-7.19416375299994,0],[112.596897088,-7.19417348799993,0],[112.596899822,-7.19418667599996,0],[112.596918098,-7.19463068799996,0],[112.596935353,-7.19499622999996,0],[112.596929146,-7.19503584999995,0],[112.596915136,-7.19506500899996,0],[112.596901975,-7.19507997399995,0],[112.596891395,-7.19508615699993,0],[112.596876404,-7.19509063999993,0],[112.59685255,-7.19510129999998,0],[112.596834069,-7.19511103799994,0],[112.596824391,-7.19511902799997,0],[112.596820014,-7.19512699799998,0],[112.596816458,-7.19513496599996,0],[112.596783525,-7.19530332699998,0],[112.596767916,-7.19538709799997,0],[112.596733865,-7.19559948999995,0],[112.596956744,-7.19566922999996,0],[112.597223497,-7.19575300999998,0],[112.597297183,-7.19560294999997,0],[112.597311266,-7.19559503599993,0],[112.59740142,-7.19560611199995,0],[112.597692047,-7.19564288799995,0],[112.597784595,-7.19559148599996,0],[112.597802279,-7.19558880199997,0],[112.598191957,-7.19564032999995,0],[112.598260086,-7.19541714999997,0],[112.598313055,-7.19525667499994,0],[112.598414812,-7.19506330299993,0],[112.598657934,-7.19477360699995,0],[112.598700998,-7.19471892499996,0],[112.59877,-7.19467999999995,0],[112.598798869,-7.19464668999996,0],[112.598808759,-7.19464976799998,0],[112.598906927,-7.19469001599998,0],[112.599020398,-7.19472939799994,0],[112.599042497,-7.19472932299993,0],[112.599060108,-7.19472663799996,0],[112.599082113,-7.19470007199993,0],[112.599151483,-7.19457561199994,0],[112.599215534,-7.19446699099996,0],[112.599261379,-7.19444657999998,0],[112.599392846,-7.19440200299994,0],[112.599485497,-7.19438061499994,0],[112.599580923,-7.19438380699995,0],[112.599793543,-7.19438152899994,0],[112.599939175,-7.19435199899993,0],[112.600001853,-7.19434201599995,0],[112.600023978,-7.19434898999998,0],[112.600164757,-7.19444812599994,0],[112.600286093,-7.19455871999997,0],[112.600316401,-7.19464287299996,0],[112.600332213,-7.19472373099995,0],[112.600357151,-7.19483068499994,0],[112.600354755,-7.19493529299996,0],[112.60033962,-7.19500504899997,0],[112.600299276,-7.19506106099993,0],[112.600255838,-7.19512901699994,0],[112.600067958,-7.19530994499996,0],[112.600045615,-7.19534708799995,0],[112.599988197,-7.19551589699995,0],[112.59990334,-7.19573777799997,0],[112.599760679,-7.19612485399995,0],[112.599726253,-7.19620805599993,0],[112.599726324,-7.19622812599994,0],[112.599737226,-7.19633530999994,0],[112.599773225,-7.19648833299993,0],[112.599781314,-7.19653802699997,0],[112.599773703,-7.19656101799995,0],[112.599768035,-7.19658400199995,0],[112.599732684,-7.19661576699997,0],[112.599521081,-7.19676006999993,0],[112.59947328,-7.19679757399996,0],[112.599392982,-7.19689259999996,0],[112.599295077,-7.19703424699998,0],[112.599235082,-7.19717133299997,0],[112.599112157,-7.19748076999997,0],[112.599102741,-7.19754209699994,0],[112.599052829,-7.19782922099995,0],[112.599052956,-7.19786565399994,0],[112.599060698,-7.19788090799995,0],[112.599073195,-7.19788854699993,0],[112.599125064,-7.19790463799995,0],[112.599234519,-7.19792721899995,0],[112.59939662,-7.19799536199997,0],[112.599430252,-7.19800482699998,0],[112.599738402,-7.19805636699994,0],[112.599752859,-7.19806978899993,0],[112.599752934,-7.19809085299994,0],[112.599733435,-7.19827941599993,0],[112.599747865,-7.19828515099994,0],[112.599831364,-7.19829344799996,0],[112.600238976,-7.19837022399997,0],[112.600305223,-7.19837677299995,0],[112.600336935,-7.19839293699994,0],[112.600505994,-7.19844396599996,0],[112.600768929,-7.19852468499994,0],[112.600798899,-7.19853361899993,0],[112.600784613,-7.19837753799993,0],[112.600768816,-7.19819424999997,0],[112.600770186,-7.19815943899994,0],[112.600804883,-7.19808961399997,0],[112.600833632,-7.19804855999996,0],[112.600956481,-7.19782410499994,0],[112.600980767,-7.19780892099993,0],[112.601030842,-7.19780268899996,0],[112.601951065,-7.19772976799993,0],[112.602049471,-7.19773150099996,0],[112.602076823,-7.19773899999996,0],[112.602318907,-7.19789871299997,0],[112.602346322,-7.19792438399998,0],[112.602349436,-7.19793955999995,0],[112.60206795,-7.19823147199997,0],[112.602046746,-7.19825279299994,0],[112.602009122,-7.19836050699996,0],[112.601814587,-7.19892161399997,0],[112.601813285,-7.19897622399998,0],[112.601845606,-7.19903776799993,0],[112.60185027,-7.19906957399996,0],[112.601789292,-7.19943647699995,0],[112.601803097,-7.19947737999996,0],[112.60182284,-7.19948635199995,0],[112.601853248,-7.19949239299996,0],[112.602056768,-7.19949168099993,0],[112.602369647,-7.19948597399997,0],[112.602574937,-7.19954284399995,0],[112.60274769,-7.19960398599994,0],[112.602884865,-7.19973839299996,0],[112.602924508,-7.19978065299995,0],[112.602989475,-7.19984796099993,0],[112.603003182,-7.19990332999993,0],[112.603012758,-7.20007859299994,0],[112.60300853,-7.20015048299996,0],[112.602977271,-7.20022101699993,0],[112.602917393,-7.20034824699997,0],[112.60285326,-7.20047576299993,0],[112.602841488,-7.20052525599993,0],[112.602850552,-7.20055514999996,0],[112.602966272,-7.20059669199998,0],[112.603158623,-7.20064691599993,0],[112.603305744,-7.20065842499997,0],[112.603605848,-7.20062889499997,0],[112.603733477,-7.20063893499997,0],[112.603871648,-7.20067443299996,0],[112.604141868,-7.20074563099996,0],[112.604302718,-7.20081847599994,0],[112.604438009,-7.20088390799998,0],[112.604612387,-7.20094025099996,0],[112.604812284,-7.20101286899995,0],[112.605062695,-7.20109805699997,0],[112.605261103,-7.20117230799997,0],[112.605623232,-7.20128639599994,0],[112.605755468,-7.20133230999994,0],[112.605754105,-7.20136974099995,0],[112.605699023,-7.20150174599996,0],[112.605539513,-7.20183147599994,0],[112.605418806,-7.20209109099994,0],[112.605265038,-7.20239684199993,0],[112.605233123,-7.20272657299995,0],[112.605205167,-7.20288686999993,0],[112.605167045,-7.20319230399997,0],[112.605130251,-7.20338716699996,0],[112.605106453,-7.20345613999996,0],[112.605040712,-7.20355075399993,0],[112.604826826,-7.20383140099995,0],[112.604547588,-7.20423233599996,0],[112.604513236,-7.20429384399995,0],[112.604474458,-7.20437037099992,0],[112.604271706,-7.20480231899995,0],[112.604279266,-7.20482923299994,0],[112.604342596,-7.20489789999993,0],[112.604380244,-7.20494577399995,0],[112.604393842,-7.20496968399993,0],[112.604403144,-7.20504604599995,0],[112.604405038,-7.20515985799994,0],[112.604349504,-7.20522740599995,0],[112.604240093,-7.20528167199996,0],[112.604087369,-7.20531450099998,0],[112.604044743,-7.20520106199996,0],[112.603890376,-7.20491358099997,0],[112.603658034,-7.20458293999997,0],[112.603445239,-7.20427851799997,0],[112.603191178,-7.20395481199995,0],[112.60293791,-7.20367889299996,0],[112.602691844,-7.20344576799994,0],[112.602396566,-7.20317583699995,0],[112.602176031,-7.20297200299996,0],[112.601807687,-7.20269441299996,0],[112.601622943,-7.20255561999994,0],[112.601423512,-7.20247059699994,0],[112.601208209,-7.20242906199996,0],[112.601012568,-7.20244574799995,0],[112.600779222,-7.20248085299994,0],[112.600393929,-7.20259078099997,0],[112.600131413,-7.20271557299998,0],[112.6000306,-7.20276349499994,0],[112.599668479,-7.20295449199995,0],[112.599318973,-7.20315344399995,0],[112.599268111,-7.20318020599996,0],[112.598936288,-7.20335479899995,0],[112.598640307,-7.20347643299993,0],[112.598596874,-7.20349428199995,0],[112.59837168,-7.20356935999996,0],[112.598178482,-7.20363061299997,0],[112.597921323,-7.20372866099996,0],[112.597619579,-7.20384058099995,0],[112.597446789,-7.20395554499993,0],[112.597414477,-7.20398513999993,0],[112.597303048,-7.20408719999995,0],[112.59713343,-7.20422426099998,0],[112.597098483,-7.20425249999994,0],[112.596940797,-7.20447902399997,0],[112.596815207,-7.20466543399993,0],[112.59677664,-7.20472267799994,0],[112.596629106,-7.20499664599993,0],[112.596432385,-7.20544136799998,0],[112.596320124,-7.20576905899998,0],[112.596231224,-7.20604827999995,0],[112.596189702,-7.20617869199998,0],[112.596175373,-7.20627345899993,0],[112.596148594,-7.20645057099995,0],[112.596170584,-7.20660222199996,0],[112.596233164,-7.20668190599997,0],[112.596252491,-7.20670651599994,0],[112.59645185,-7.20683763899996,0],[112.596665285,-7.20693137799998,0],[112.596834491,-7.20696336199995,0],[112.597036912,-7.20692065299994,0],[112.597168885,-7.20686018599997,0],[112.597463676,-7.20672285899997,0],[112.59761796,-7.20666059999996,0],[112.597707199,-7.20665257299993,0],[112.597865575,-7.20668477799995,0],[112.598025436,-7.20682415899995,0],[112.598235578,-7.20695694299997,0],[112.598491167,-7.20714549299993,0],[112.598604018,-7.20726167899994,0],[112.598667678,-7.20736433899998,0],[112.598736092,-7.20747466399996,0],[112.598890745,-7.20774312299994,0],[112.598920903,-7.20779547299998,0],[112.599038233,-7.20808764599997,0],[112.599057717,-7.20813616399994,0],[112.599071861,-7.20816568599997,0],[112.599071877,-7.20816571899996,0],[112.599184824,-7.20840145599993,0],[112.599287539,-7.20856396699998,0],[112.599410031,-7.20873669599996,0],[112.5996676,-7.20899981599996,0],[112.599844074,-7.20914578299994,0],[112.600155366,-7.20954227499993,0],[112.600186368,-7.20958176199997,0],[112.600358555,-7.20972859999995,0],[112.600463822,-7.20988510299998,0],[112.600628018,-7.21020083799993,0],[112.600746075,-7.21057674199994,0],[112.60078472,-7.21090935199993,0],[112.600850355,-7.21127251799993,0],[112.600915747,-7.21164260399996,0],[112.600916324,-7.21164582299997,0],[112.600971535,-7.21195348099997,0],[112.600979755,-7.21209424999995,0],[112.600956411,-7.21222998599995,0],[112.600969125,-7.21236688099998,0],[112.600946263,-7.21268055799993,0],[112.600905819,-7.21289557499995,0],[112.600788966,-7.21318857799997,0],[112.600729877,-7.21330879599998,0],[112.600578161,-7.21345105399996,0],[112.600429606,-7.21351557899993,0],[112.600233412,-7.21357263799996,0],[112.600065935,-7.21359343099994,0],[112.600012329,-7.21358932599998,0],[112.599957206,-7.21358510399995,0],[112.599851861,-7.21357703599995,0],[112.599681239,-7.21355020299995,0],[112.599542678,-7.21352782899993,0],[112.599440705,-7.21349503999994,0],[112.599346059,-7.21342555999996,0],[112.599250211,-7.21334940899993,0],[112.599183614,-7.21328792399993,0],[112.599119224,-7.21320242699994,0],[112.59907527,-7.21314051299993,0],[112.599053664,-7.21311007799994,0],[112.59890256,-7.21277457899993,0],[112.598695411,-7.21244842099998,0],[112.598612624,-7.21233898599996,0],[112.598476289,-7.21229831699998,0],[112.598335536,-7.21230338299995,0],[112.597940906,-7.21236419499996,0],[112.597717955,-7.21242783899993,0],[112.59755227,-7.21250270899998,0],[112.597190044,-7.21266627499995,0],[112.59683146,-7.21288925999994,0],[112.596645344,-7.21304765299993,0],[112.596505113,-7.21316699699997,0],[112.596262011,-7.21335871799994,0],[112.595988123,-7.21358369499995,0],[112.595685872,-7.21387963299998,0],[112.595342385,-7.21416542799994,0],[112.595114713,-7.21432023999995,0],[112.594728606,-7.21458278299997,0],[112.594761044,-7.21463892899993,0],[112.594891418,-7.21486458699997,0],[112.594929062,-7.21492974299997,0],[112.59503493,-7.21506157499994,0],[112.595100255,-7.21510233299995,0],[112.595202293,-7.21514826499993,0],[112.595261799,-7.21518229199995,0],[112.595305783,-7.21521026199997,0],[112.595334891,-7.21523507799998,0],[112.595365931,-7.21527450899993,0],[112.595384911,-7.21531735599996,0],[112.595407326,-7.21537562199995,0],[112.595436557,-7.21545025899997,0],[112.595471065,-7.21551523299996,0],[112.595538031,-7.21561095199996,0],[112.595586517,-7.21566912799994,0],[112.595612281,-7.21571870299994,0],[112.595666157,-7.21579903999998,0],[112.595702299,-7.21587078099998,0],[112.595769072,-7.21593727099997,0],[112.59582628,-7.21598724699993,0],[112.595861119,-7.21600855199995,0],[112.595919083,-7.21604116899994,0],[112.595949034,-7.21606276199998,0],[112.595987691,-7.21608893699994,0],[112.596031747,-7.21611241499994,0],[112.596060353,-7.21613045199996,0],[112.596077498,-7.21614069899994,0],[112.596093873,-7.21614422199997,0],[112.596097339,-7.21614496799998,0],[112.596150265,-7.21613528999995,0],[112.596240326,-7.21612129399995,0],[112.596379366,-7.21611694999996,0],[112.59650287,-7.21608855199997,0],[112.596625913,-7.21606642399996,0],[112.59668429,-7.21605368299993,0],[112.596717114,-7.21605067499996,0],[112.596827313,-7.21608307699995,0],[112.597024933,-7.21612385499998,0],[112.597171455,-7.21615802599996,0],[112.597335525,-7.21618511399993,0],[112.597493977,-7.21621127499998,0],[112.597637593,-7.21610917499993,0],[112.597776322,-7.21601659299995,0],[112.597894052,-7.21593378199998,0],[112.597959283,-7.21586984999993,0],[112.598025146,-7.21578909599998,0],[112.598105545,-7.21572227299993,0],[112.59817151,-7.21567044799997,0],[112.598244728,-7.21562100999995,0],[112.598316338,-7.21556736899993,0],[112.598362168,-7.21553303899998,0],[112.598454153,-7.21546569199995,0],[112.598492219,-7.21544386099993,0],[112.598606309,-7.21539329299998,0],[112.59872779,-7.21532168699997,0],[112.598729881,-7.21532045499993,0],[112.598845998,-7.21526758999994,0],[112.598901444,-7.21524521599997,0],[112.598965547,-7.21523348999995,0],[112.599070249,-7.21521287199994,0],[112.599177871,-7.21519899399993,0],[112.599260961,-7.21518640999994,0],[112.599341261,-7.21519234399995,0],[112.599466386,-7.21520412599995,0],[112.599564761,-7.21521638399997,0],[112.599655501,-7.21523107299993,0],[112.599779076,-7.21524020199996,0],[112.599863411,-7.21524054999998,0],[112.599882878,-7.21528420099997,0],[112.599923584,-7.21532648899995,0],[112.600078428,-7.21542302599994,0],[112.600179689,-7.21547667599998,0],[112.600233225,-7.21550606099993,0],[112.600265526,-7.21553809399995,0],[112.600297781,-7.21555726799994,0],[112.600327426,-7.21556616499993,0],[112.600387402,-7.21559617099996,0],[112.600459844,-7.21562401899996,0],[112.600545843,-7.21567398499997,0],[112.600637983,-7.21572031199997,0],[112.600702987,-7.21577252299994,0],[112.600843918,-7.21589426099996,0],[112.600964861,-7.21599545799995,0],[112.601030964,-7.21605163999993,0],[112.601072065,-7.21610321099996,0],[112.601128513,-7.21619378299994,0],[112.601155621,-7.21628265099997,0],[112.601169437,-7.21640121999997,0],[112.601185795,-7.21652158599994,0],[112.601210222,-7.21667194099996,0],[112.601224372,-7.21678255299997,0],[112.601210147,-7.21685601399997,0],[112.601184094,-7.21696495899994,0],[112.601144289,-7.21707575999994,0],[112.60107978,-7.21720501799996,0],[112.601032682,-7.21729939299996,0],[112.600952968,-7.21741970299996,0],[112.600861167,-7.21749331799998,0],[112.600631761,-7.21761306099995,0],[112.600472496,-7.21767579299996,0],[112.600408199,-7.21770111899997,0],[112.600280879,-7.21774303199993,0],[112.600119294,-7.21778940699994,0],[112.599949051,-7.21784545399993,0],[112.599819804,-7.21788882099997,0],[112.599255638,-7.21810102899997,0],[112.599178443,-7.21811817599996,0],[112.599093009,-7.21812522599993,0],[112.59902738,-7.21813558199995,0],[112.598954551,-7.21815801699995,0],[112.598877981,-7.21821518299993,0],[112.598770632,-7.21830669299993,0],[112.598716267,-7.21836281599997,0],[112.598658631,-7.21844884499995,0],[112.598515088,-7.21861973099993,0],[112.598463416,-7.21868124499997,0],[112.598356885,-7.21882616899995,0],[112.598251914,-7.21874665099995,0],[112.598112457,-7.21864100899995,0],[112.598052142,-7.21868996399996,0],[112.597913137,-7.21893457499993,0],[112.597904559,-7.21894966999997,0],[112.597742321,-7.21915850599993,0],[112.597600619,-7.21933516999997,0],[112.597600152,-7.21933575199995,0],[112.59752652,-7.21945040999998,0],[112.597503604,-7.21955768099997,0],[112.597501023,-7.21964785799997,0],[112.597510576,-7.21975583299997,0],[112.597519698,-7.21987875799994,0],[112.597500266,-7.21994403099995,0],[112.597497799,-7.21996755799995,0],[112.597503732,-7.22001769699995,0],[112.597510736,-7.22007648499994,0],[112.597520573,-7.22012804299993,0],[112.597519512,-7.22022140099995,0],[112.59752632,-7.22038984899996,0],[112.597547796,-7.22045534899996,0],[112.597575141,-7.22054301299994,0],[112.597595056,-7.22057669499998,0],[112.597636035,-7.22069661499995,0],[112.59766435,-7.22078523699997,0],[112.59768915,-7.22086730799998,0],[112.59773156,-7.22094990899996,0],[112.597761822,-7.22100496399997,0],[112.597776266,-7.22103124099993,0],[112.597827259,-7.22111544499995,0],[112.597852032,-7.22115779099994,0],[112.59788548,-7.22119528299993,0],[112.597937303,-7.22124090799997,0],[112.597984693,-7.22126099399998,0],[112.598063651,-7.22133400999996,0],[112.598150692,-7.22142315499997,0],[112.598339723,-7.22157799199994,0],[112.598434686,-7.22166734399997,0],[112.598516387,-7.22173034499997,0],[112.598572977,-7.22175835499996,0],[112.598595528,-7.22178648299996,0],[112.598682478,-7.22190081599996,0],[112.598714144,-7.22192925999997,0],[112.598821587,-7.22203841299995,0],[112.598948084,-7.22215447999997,0],[112.598993504,-7.22219843799996,0],[112.599041921,-7.22227095899996,0],[112.599085631,-7.22234349399997,0],[112.599155983,-7.22247488399995,0],[112.599200916,-7.22252584699993,0],[112.599243634,-7.22259127299998,0],[112.599294684,-7.22270302899994,0],[112.599327812,-7.22277517299995,0],[112.599346419,-7.22284936399996,0],[112.59934133,-7.22291206599994,0],[112.599313412,-7.22302993599993,0],[112.599280138,-7.22314753399996,0],[112.599219973,-7.22330708299995,0],[112.599147221,-7.22329035699994,0],[112.598935087,-7.22324158799995,0],[112.598816116,-7.22321423599993,0],[112.598733012,-7.22320302499998,0],[112.598639326,-7.22319901299994,0],[112.598582341,-7.22319583699993,0],[112.598487674,-7.22318700799997,0],[112.598398737,-7.22315983599998,0],[112.598375985,-7.22314303899998,0],[112.598325487,-7.22320011199997,0],[112.598323493,-7.22320434599993,0],[112.598298649,-7.22325710499996,0],[112.598262645,-7.22331653899994,0],[112.598222681,-7.22334850299995,0],[112.598154168,-7.22336272599995,0],[112.598079803,-7.22336057599995,0],[112.598043597,-7.22335803899995,0],[112.598002948,-7.22335518999995,0],[112.597937365,-7.22336011099998,0],[112.597873644,-7.22336370899995,0],[112.597813301,-7.22336729499995,0],[112.597759673,-7.22335783999995,0],[112.597688584,-7.22332578199996,0],[112.59759189,-7.22328995799995,0],[112.597505279,-7.22323770299994,0],[112.597604783,-7.22304530399998,0],[112.597608571,-7.22302407299998,0],[112.597594575,-7.22299697099993,0],[112.597532058,-7.22294097699995,0],[112.597450256,-7.22285618499996,0],[112.597407603,-7.22281004599995,0],[112.597357147,-7.22274143099997,0],[112.597308557,-7.22265416399995,0],[112.597263246,-7.22258424599994,0],[112.597177594,-7.22239231599997,0],[112.5970882,-7.22227987299993,0],[112.597037574,-7.22221016999993,0],[112.596965512,-7.22212946499997,0],[112.596902807,-7.22205639399994,0],[112.596787609,-7.22193874299995,0],[112.596682488,-7.22183150399997,0],[112.596565688,-7.22172250799997,0],[112.596509262,-7.22165750299996,0],[112.596440242,-7.22157799199994,0],[112.596399035,-7.22152498099996,0],[112.596273031,-7.22140049499995,0],[112.596156297,-7.22128606599995,0],[112.596101897,-7.22123448099995,0],[112.595964455,-7.22113223099996,0],[112.595895023,-7.22107888099993,0],[112.595789815,-7.22098334099996,0],[112.595732122,-7.22087858799995,0],[112.595705567,-7.22070609299993,0],[112.595661464,-7.22049282199993,0],[112.595640991,-7.22037159199994,0],[112.595647458,-7.22034481899993,0],[112.595665027,-7.22020606799992,0],[112.595665431,-7.22013791699993,0],[112.595660515,-7.21998826099997,0],[112.595659666,-7.21996242299997,0],[112.59565291,-7.21987179599995,0],[112.595649392,-7.21980069999995,0],[112.595613659,-7.21967062599998,0],[112.595587698,-7.21945027299995,0],[112.595592222,-7.21927152899997,0],[112.595598597,-7.21906963199996,0],[112.595540913,-7.21881619399994,0],[112.595468812,-7.21863321499995,0],[112.59539847,-7.21845186199994,0],[112.595325131,-7.21824987399998,0],[112.5952205,-7.21796170899995,0],[112.595077542,-7.21757249499996,0],[112.594911282,-7.21734162699994,0],[112.594794834,-7.21717937799997,0],[112.594725489,-7.21709417399995,0],[112.594670569,-7.21699079499996,0],[112.594632812,-7.21687134599995,0],[112.594630023,-7.21678667699996,0],[112.594607935,-7.21666150099998,0],[112.594557281,-7.21644407299993,0],[112.59448803,-7.21615500499996,0],[112.594437158,-7.21590262799998,0],[112.59436816,-7.21569196399997,0],[112.594251159,-7.21543062799998,0],[112.594157252,-7.21535733199994,0],[112.594049938,-7.21527815899998,0],[112.593950688,-7.21520493499997,0],[112.593848375,-7.21516421299998,0],[112.593765964,-7.21513141199995,0],[112.593626271,-7.21511267799997,0],[112.593432595,-7.21513369599995,0],[112.593181462,-7.21514541399995,0],[112.592755301,-7.21522345999995,0],[112.592612133,-7.21514482999993,0],[112.592440032,-7.21502198999997,0],[112.592210275,-7.21485820699996,0],[112.592019378,-7.21470979499998,0],[112.591915032,-7.21462264299993,0],[112.59160604,-7.21445792299994,0],[112.591497617,-7.21441077699996,0],[112.591355716,-7.21437209599998,0],[112.591214005,-7.21436263199996,0],[112.591098673,-7.21436060899993,0],[112.590967927,-7.21438211899994,0],[112.590928752,-7.21438097499993,0],[112.590889425,-7.21437010599993,0],[112.590871157,-7.21435294399993,0],[112.590853758,-7.21430993999996,0],[112.590833424,-7.21424971999994,0],[112.590813117,-7.21419715599995,0],[112.590796709,-7.21416371799995,0],[112.590761153,-7.21413513199997,0],[112.590675741,-7.21409918299997,0],[112.590564837,-7.21406966299998,0],[112.59043896,-7.21404019499994,0],[112.590322564,-7.21439337399994,0],[112.590243035,-7.21467022299993,0],[112.590173961,-7.21492215399996,0],[112.59010768,-7.21515110699994,0],[112.590166178,-7.21516334499995,0],[112.590223754,-7.21518611199997,0],[112.590292081,-7.21521201499996,0],[112.5903019,-7.21522188599994,0],[112.590313594,-7.21525222199995,0],[112.59030037,-7.21533713399998,0],[112.590278742,-7.21548453899993,0],[112.590290508,-7.21555463299995,0],[112.590301347,-7.21561679699994,0],[112.590297246,-7.21568672699993,0],[112.590295074,-7.21577529899997,0],[112.590304197,-7.21589363499993,0],[112.590318585,-7.21599042999998,0],[112.590328093,-7.21608586899993,0],[112.590321395,-7.21611676699996,0],[112.590527919,-7.21694385099994,0],[112.59065501,-7.21740759799997,0],[112.590684578,-7.21751721899994,0],[112.590721026,-7.21763110099994,0],[112.590807153,-7.21795911499993,0],[112.590867827,-7.21812777599996,0],[112.590939844,-7.21834868599996,0],[112.590983333,-7.21851226299998,0],[112.591031215,-7.21859746999996,0],[112.591067348,-7.21868475599996,0],[112.591135519,-7.21883061699998,0],[112.591528962,-7.22021543499994,0],[112.591530759,-7.22022175899997,0],[112.591529429,-7.22061730999997,0],[112.591548309,-7.22080235499993,0],[112.591564587,-7.22096189499996,0],[112.591606953,-7.22129434699997,0],[112.591623926,-7.22153751799993,0],[112.591637749,-7.22183257499995,0],[112.591638659,-7.22185199799998,0],[112.591632648,-7.22192901799997,0],[112.591624001,-7.22203981899997,0],[112.591618941,-7.22210465899997,0],[112.591606614,-7.22218421999997,0],[112.591551788,-7.22253807399994,0],[112.591538286,-7.22260441299994,0],[112.591519001,-7.22265362599995,0],[112.591493958,-7.22269257399995,0],[112.591508056,-7.22279653299995,0],[112.591521181,-7.22294964299994,0],[112.591571955,-7.22306833499994,0],[112.591633034,-7.22318813199996,0],[112.591639023,-7.22320153099997,0],[112.591649062,-7.22322399299998,0],[112.591708013,-7.22335588499993,0],[112.59177023,-7.22347453499998,0],[112.59193209,-7.22361226699996,0],[112.592070868,-7.22369636099995,0],[112.592139178,-7.22371367799997,0],[112.592146473,-7.22371552699997,0],[112.592251332,-7.22373469599995,0],[112.59231826,-7.22374693099994,0],[112.592503641,-7.22375874199997,0],[112.592850352,-7.22371764199994,0],[112.593310584,-7.22355854899996,0],[112.593485943,-7.22346959099997,0],[112.59356618,-7.22342888799994,0],[112.593663985,-7.22335934099993,0],[112.593770658,-7.22331510999993,0],[112.593905896,-7.22331664199993,0],[112.594107059,-7.22333522199995,0],[112.594208978,-7.22334463599998,0],[112.594643977,-7.22334103199995,0],[112.595037621,-7.22335322299995,0],[112.595369755,-7.22335315399994,0],[112.595738068,-7.22336105999995,0],[112.595899181,-7.22335109399995,0],[112.596019477,-7.22334862799994,0],[112.596133099,-7.22334629899996,0],[112.596333301,-7.22333113299993,0],[112.596439014,-7.22332244499995,0],[112.596530674,-7.22333441799998,0],[112.596695911,-7.22336530299998,0],[112.596781057,-7.22337766199996,0],[112.596858222,-7.22341420399994,0],[112.596945229,-7.22347155899996,0],[112.596999898,-7.22353672899993,0],[112.597065363,-7.22362262899998,0],[112.597067689,-7.22362699699994,0],[112.597121313,-7.22372770299995,0],[112.597169089,-7.22382715799995,0],[112.597177304,-7.22384425999996,0],[112.597211273,-7.22396955399995,0],[112.597231963,-7.22407566399994,0],[112.597283459,-7.22434901899993,0],[112.597331036,-7.22464431799995,0],[112.597335755,-7.22467360499996,0],[112.597360592,-7.22482776399994,0],[112.597383716,-7.22504497999995,0],[112.597406033,-7.22521270299995,0],[112.597428594,-7.22531291699994,0],[112.597480904,-7.22547857899997,0],[112.597502813,-7.22554796199995,0],[112.597574121,-7.22577964099997,0],[112.597631281,-7.22596990399995,0],[112.597642821,-7.22603822599996,0],[112.597648048,-7.22606917499996,0],[112.597682654,-7.22616163199996,0],[112.597752023,-7.22625348599996,0],[112.597837066,-7.22630087599993,0],[112.597970912,-7.22636279899996,0],[112.598173864,-7.22647242899995,0],[112.598305894,-7.22654374799993,0],[112.598376648,-7.22659080399995,0],[112.598453023,-7.22664159799996,0],[112.59849979,-7.22668650099996,0],[112.598514067,-7.22670020899994,0],[112.59852388,-7.22671200099995,0],[112.598587285,-7.22678819199996,0],[112.59859529,-7.22679792499997,0],[112.598656857,-7.22687278299998,0],[112.598721123,-7.22695166599993,0],[112.598748266,-7.22698098399997,0],[112.598767233,-7.22701997299993,0],[112.598781094,-7.22711684299998,0],[112.5988006,-7.22725998399994,0],[112.598811042,-7.22739495799993,0],[112.598810648,-7.22742051399996,0],[112.598798767,-7.22747407799994,0],[112.598792379,-7.22749151199997,0],[112.598773457,-7.22754315499998,0],[112.598739583,-7.22766532999998,0],[112.5986719,-7.22778312099996,0],[112.598633737,-7.22784319299996,0],[112.598596991,-7.22790103499995,0],[112.598524805,-7.22796927599995,0],[112.598448729,-7.22802981499996,0],[112.598359081,-7.22807545499995,0],[112.598352024,-7.22807885499998,0],[112.598238092,-7.22813374199995,0],[112.598228194,-7.22813808799998,0],[112.598148421,-7.22817311199998,0],[112.598085747,-7.22819985199993,0],[112.597978136,-7.22821806999997,0],[112.597842157,-7.22822794999996,0],[112.59780584,-7.22823196499996,0],[112.597500001,-7.22822999999994,0],[112.597482309,-7.22822716899998,0],[112.597451062,-7.22822216999998,0],[112.597275464,-7.22819407399993,0],[112.597250001,-7.22818999999993,0],[112.597239278,-7.22818317699995,0],[112.59714,-7.22811999999993,0],[112.59698,-7.22796999999997,0],[112.596760001,-7.22770999999995,0],[112.59656,-7.22739999999993,0],[112.59612,-7.22675999999996,0],[112.59562,-7.22627999999997,0],[112.595160001,-7.22593999999998,0],[112.59472,-7.22570999999994,0],[112.59443,-7.22560000099998,0],[112.59419,-7.22549999999995,0],[112.59363,-7.22516999999993,0],[112.593110001,-7.22464999999994,0],[112.59289,-7.22451999999993,0],[112.59246,-7.22434999999996,0],[112.59201,-7.22425999999996,0],[112.5916,-7.22423999999995,0],[112.591260001,-7.22426999999993,0],[112.59117,-7.22434999999996,0],[112.591167719,-7.22435348799996,0],[112.590999999,-7.22460999999993,0],[112.590950001,-7.22475999999995,0],[112.590950001,-7.22490999999997,0],[112.590999999,-7.22501999999997,0],[112.59103,-7.22506999999996,0],[112.591220001,-7.22535000199997,0],[112.59144,-7.22562000099998,0],[112.5917,-7.22581999999994,0],[112.59193,-7.22594999999995,0],[112.59242,-7.22614999999996,0],[112.592599999,-7.22615999999994,0],[112.59305,-7.22611999999998,0],[112.59355,-7.22605999999996,0],[112.593749999,-7.22609999999997,0],[112.59386,-7.22617999999994,0],[112.593970001,-7.22632999999996,0],[112.59408,-7.22652999999997,0],[112.594139999,-7.22685999999993,0],[112.59415,-7.22726000199998,0],[112.59409,-7.22796000099993,0],[112.59407,-7.22831999999994,0],[112.59407,-7.22952000099997,0],[112.59424,-7.23021999999997,0],[112.594340001,-7.23073000099993,0],[112.594320001,-7.23090999999994,0],[112.59422,-7.23116999999996,0],[112.59405,-7.23155000199995,0],[112.59382,-7.23174999999998,0],[112.59368,-7.23181999999997,0],[112.593573932,-7.23185535599993,0],[112.593170001,-7.23198999999994,0],[112.593117268,-7.23202427599995,0],[112.592969999,-7.23211999999995,0],[112.592840001,-7.23219999999998,0],[112.592599999,-7.23225999999994,0],[112.592531397,-7.23226361099995,0],[112.592412124,-7.23231309799996,0],[112.5922291,-7.23235035299996,0],[112.591944937,-7.23226907599997,0],[112.591302649,-7.23192406899994,0],[112.591068572,-7.23175130499993,0],[112.590834407,-7.23157845299994,0],[112.590522224,-7.23134195499995,0],[112.590319969,-7.23113246599996,0],[112.590172805,-7.23094104699993,0],[112.589983003,-7.23055594499994,0],[112.58984383,-7.23004463999996,0],[112.589778319,-7.22965196299998,0],[112.589786991,-7.22950565499997,0],[112.58987789,-7.22932262599994,0],[112.589996053,-7.22905723499997,0],[112.590050367,-7.22887424099997,0],[112.59008609,-7.22862739799996,0],[112.590038849,-7.22820717299993,0],[112.590010734,-7.22802446999998,0],[112.590009104,-7.22755842999993,0],[112.589934484,-7.22716578399996,0],[112.589906689,-7.22707447999994,0],[112.589649686,-7.22690179599994,0],[112.589255271,-7.22672037099994,0],[112.589058789,-7.22660666699994,0],[112.5887,-7.22650000199997,0],[112.588490001,-7.22652999999997,0],[112.58832,-7.22658999999993,0],[112.58817,-7.22670999999997,0],[112.58801,-7.22687999999994,0],[112.587899999,-7.22705999999994,0],[112.587730001,-7.22742999999997,0],[112.587690001,-7.22776999999996,0],[112.5877,-7.22814999999997,0],[112.58774,-7.22828999999996,0],[112.58783,-7.22845000199993,0],[112.58797,-7.22859999999997,0],[112.58805,-7.22864999999996,0],[112.5883,-7.22880999999995,0],[112.588556327,-7.22895788099993,0],[112.58856,-7.22895999999997,0],[112.588564285,-7.22896151299994,0],[112.588900001,-7.22907999999995,0],[112.58939,-7.22925999999995,0],[112.589419999,-7.22937999999994,0],[112.58952,-7.22943999999995,0],[112.58949,-7.22964000199994,0],[112.58943,-7.22984999999994,0],[112.589290001,-7.23015999999996,0],[112.58914,-7.23032000099994,0],[112.58873,-7.23063999999994,0],[112.588639999,-7.23062999999996,0],[112.58858,-7.23054999999994,0],[112.588574049,-7.23052173199994,0],[112.588372,-7.23059184899995,0],[112.588115589,-7.23061100499996,0],[112.587831524,-7.23055711899997,0],[112.587573671,-7.23046335499993,0],[112.58752,-7.23045999999994,0],[112.58711,-7.23044000199997,0],[112.587109812,-7.23043170599993,0],[112.586320017,-7.23043445599995,0],[112.585972483,-7.23057272399996,0],[112.585341617,-7.23086738199993,0],[112.585302282,-7.23088324699995,0],[112.585290001,-7.23095999999993,0],[112.58506,-7.23099999999994,0],[112.585013606,-7.23097680399997,0],[112.58473924,-7.23102434399993,0],[112.584327325,-7.23107143399994,0],[112.583888029,-7.23114609799995,0],[112.583613485,-7.23121097099994,0],[112.583357181,-7.23123925299996,0],[112.582981565,-7.23120403399997,0],[112.582541716,-7.23114164499998,0],[112.582315943,-7.23111111299994,0],[112.582211913,-7.23109704399997,0],[112.581918852,-7.23109806299993,0],[112.581469957,-7.23105396399995,0],[112.581020903,-7.23096412099994,0],[112.580709266,-7.23088293199993,0],[112.580397438,-7.23074695599996,0],[112.580122067,-7.23057433199995,0],[112.579984048,-7.23039200699998,0],[112.579763453,-7.23014605099996,0],[112.579552114,-7.22996398099997,0],[112.579331962,-7.22984594899998,0],[112.579029243,-7.22970994099995,0],[112.578891732,-7.22967389299993,0],[112.578662779,-7.22966555499994,0],[112.578653253,-7.22967193699998,0],[112.57865,-7.22974999999997,0],[112.578620001,-7.22991999999994,0],[112.57861,-7.23007999999993,0],[112.57865,-7.23028999999997,0],[112.57884,-7.23077999999998,0],[112.57908,-7.23128999999994,0],[112.579170001,-7.23145999999997,0],[112.57937,-7.23166999999995,0],[112.57961,-7.23190000099993,0],[112.57982,-7.23210999999998,0],[112.58,-7.23233999999997,0],[112.58003,-7.23243999999994,0],[112.5801,-7.23268000099995,0],[112.58012,-7.23280999999997,0],[112.58014,-7.23293999999993,0],[112.58015,-7.23315000199995,0],[112.58014,-7.23327999999998,0],[112.58012,-7.23340000099995,0],[112.58013,-7.23354999999998,0],[112.58009,-7.23369999999994,0],[112.58003,-7.23387999999994,0],[112.579971619,-7.23403846199994,0],[112.57996,-7.23406999999997,0],[112.579810001,-7.23430000199994,0],[112.57964,-7.23447999999996,0],[112.579460001,-7.23467999999997,0],[112.579446138,-7.23469334699996,0],[112.57919,-7.23493999999994,0],[112.57894,-7.23520999999994,0],[112.578660001,-7.23545000199994,0],[112.57838,-7.23565999999994,0],[112.5781,-7.23586999999998,0],[112.57789,-7.23598999999996,0],[112.577840842,-7.23601681499997,0],[112.57756,-7.23617000099995,0],[112.577329999,-7.23627000199997,0],[112.57698,-7.23631999999998,0],[112.576710001,-7.23636999999997,0],[112.5765,-7.23640999999998,0],[112.576300001,-7.23647999999997,0],[112.57615,-7.23654999999997,0],[112.57598,-7.23664999999994,0],[112.575928496,-7.23670150399994,0],[112.57583,-7.23679999999996,0],[112.57572,-7.23693000099996,0],[112.57566,-7.23707000199994,0],[112.575600001,-7.23721999999998,0],[112.575580001,-7.23750999999993,0],[112.57555,-7.23775000099994,0],[112.575613534,-7.23795874999996,0],[112.575620001,-7.23797999999994,0],[112.57566,-7.23814999999996,0],[112.575729999,-7.23826000199995,0],[112.57579,-7.23829999999998,0],[112.575872668,-7.23832543599997,0],[112.57592,-7.23833999999994,0],[112.57608,-7.23833999999994,0],[112.57625,-7.23827999999997,0],[112.57654,-7.23814000099998,0],[112.576730001,-7.23805999999996,0],[112.57686,-7.23803999999996,0],[112.576939999,-7.23803999999996,0],[112.57704,-7.23806999999994,0],[112.577140001,-7.23814999999996,0],[112.57719,-7.23832999999996,0],[112.577200001,-7.23859000199997,0],[112.577160001,-7.23900999999995,0],[112.577160001,-7.23906999999997,0],[112.577141949,-7.23910610399997,0],[112.57711,-7.23916999999994,0],[112.577080001,-7.23925999999994,0],[112.57688,-7.23980999999998,0],[112.57684,-7.23991999999993,0],[112.576810001,-7.23997999999995,0],[112.57674,-7.24015999999995,0],[112.576722988,-7.24020423499996,0],[112.576690001,-7.24028999999996,0],[112.57664,-7.24038999999993,0],[112.57648,-7.24068999999997,0],[112.576300001,-7.24101999999993,0],[112.57621,-7.24132999999995,0],[112.57607,-7.24173999999994,0],[112.575970001,-7.24184999999994,0],[112.57578,-7.24194999999997,0],[112.575560001,-7.24202999999994,0],[112.575230001,-7.24206999999996,0],[112.57477,-7.24206999999996,0],[112.57476256,-7.24206942799998,0],[112.574755235,-7.24207098199997,0],[112.574713578,-7.24206565999998,0],[112.57438,-7.24204000099996,0],[112.57432,-7.24202999999994,0],[112.573759999,-7.24194999999997,0],[112.57356,-7.24183999999997,0],[112.57338,-7.24169000099994,0],[112.573337926,-7.24161111199993,0],[112.573300001,-7.24153999999993,0],[112.57313,-7.24119999999994,0],[112.572810001,-7.24101000199994,0],[112.572589999,-7.24093000199997,0],[112.57235,-7.24089000099997,0],[112.57223,-7.24093000199997,0],[112.572160708,-7.24099929199997,0],[112.57216,-7.24099999999993,0],[112.57213,-7.24110999999994,0],[112.57208,-7.24169000099994,0],[112.57215,-7.24245000099995,0],[112.57227,-7.24296999999996,0],[112.572259999,-7.24329000199998,0],[112.57221,-7.24362000099995,0],[112.57214,-7.24413000199996,0],[112.57216046,-7.24455965099997,0],[112.57217,-7.24475999999993,0],[112.572202103,-7.24488841199997,0],[112.572209911,-7.24491964299995,0],[112.57223,-7.24499999999995,0],[112.572288425,-7.24508033499995,0],[112.57231,-7.24510999999995,0],[112.572520001,-7.24530999999996,0],[112.572890001,-7.24549999999994,0],[112.57317,-7.24559999999997,0],[112.57336,-7.24559999999997,0],[112.57371,-7.24553000099996,0],[112.5739,-7.24551999999994,0],[112.57405,-7.24555999999995,0],[112.57423,-7.24569999999994,0],[112.574450001,-7.24590999999998,0],[112.57464,-7.24617999999998,0],[112.57461,-7.24628999999993,0],[112.57455,-7.24639000099995,0],[112.574450001,-7.24645000199996,0],[112.57426,-7.24650999999994,0],[112.574083078,-7.24650999999994,0],[112.574060001,-7.24650999999994,0],[112.57386,-7.24647000199997,0],[112.57374,-7.24639000099995,0],[112.57344,-7.24615999999997,0],[112.57334,-7.24617999999998,0],[112.573240001,-7.24625999999995,0],[112.572783538,-7.24668498199998,0],[112.57237,-7.24706999999995,0],[112.572199999,-7.24682999999993,0],[112.57193,-7.24682999999993,0],[112.571801227,-7.24677609499997,0],[112.5715,-7.24664999999993,0],[112.57156,-7.24631999999997,0],[112.57155,-7.24613999999997,0],[112.57139,-7.24608999999998,0],[112.57096,-7.24600999999996,0],[112.57063,-7.24600000099997,0],[112.570269999,-7.24592999999993,0],[112.569710001,-7.24570999999997,0],[112.5696,-7.24557000099998,0],[112.56955,-7.24543999999997,0],[112.56955,-7.24518000099994,0],[112.56954,-7.24485000199996,0],[112.569469999,-7.24475000099994,0],[112.56935,-7.24466999999993,0],[112.56918,-7.24465999999995,0],[112.56905,-7.24469999999997,0],[112.56911,-7.24455999999998,0],[112.56915,-7.24429999999995,0],[112.56916,-7.24397999999997,0],[112.56915,-7.24388999999996,0],[112.569131455,-7.24376018499993,0],[112.569119999,-7.24368000199996,0],[112.56904,-7.24350999999996,0],[112.568924088,-7.24336924899995,0],[112.5689,-7.24333999999993,0],[112.5688,-7.24327999999997,0],[112.56866,-7.24325000099998,0],[112.568480001,-7.24327999999997,0],[112.568473229,-7.24328248299997,0],[112.56818,-7.24338999999998,0],[112.56799,-7.24355999999995,0],[112.56787,-7.24374999999998,0],[112.567820001,-7.24378999999993,0],[112.56766235,-7.24390350899995,0],[112.56757,-7.24397000099998,0],[112.567435502,-7.24413200899994,0],[112.567129999,-7.24450000199994,0],[112.567104961,-7.24451251999994,0],[112.56705,-7.24453999999997,0],[112.567020001,-7.24462999999997,0],[112.566986102,-7.24475429699993,0],[112.566966898,-7.24482470999993,0],[112.566953101,-7.24490009099998,0],[112.566939203,-7.24502716299997,0],[112.566916834,-7.24510092099996,0],[112.566888378,-7.24518500699998,0],[112.566874253,-7.24524653299994,0],[112.566860387,-7.24540434099993,0],[112.566842086,-7.24544535799993,0],[112.566819553,-7.24547210799994,0],[112.566780677,-7.24550089999997,0],[112.566745802,-7.24552154199995,0],[112.566686296,-7.24554425799994,0],[112.566577561,-7.24556099699993,0],[112.566491305,-7.24555722699995,0],[112.566411124,-7.24553905799996,0],[112.566353572,-7.24552289299993,0],[112.566223989,-7.24546999999995,0],[112.566092327,-7.24542081799996,0],[112.565946486,-7.24530849299992,0],[112.565849095,-7.24519364999998,0],[112.565788831,-7.24512704499995,0],[112.56570544,-7.24504442999995,0],[112.565635815,-7.24494793199995,0],[112.565489846,-7.24479872099994,0],[112.565385098,-7.24467260099993,0],[112.565348428,-7.24462716199997,0],[112.565313524,-7.24457448399994,0],[112.565275001,-7.24451088199993,0],[112.565223572,-7.24442905899997,0],[112.565157439,-7.24432784699997,0],[112.565109567,-7.24426029699993,0],[112.565058868,-7.24419564899995,0],[112.564998,-7.24414839499997,0],[112.564909788,-7.24409680399998,0],[112.564876471,-7.24407097199997,0],[112.564814283,-7.24403086399997,0],[112.564767822,-7.24401031399998,0],[112.564769999,-7.24407999999994,0],[112.56463,-7.24409000199995,0],[112.564290001,-7.24424999999997,0],[112.564227602,-7.24427339899995,0],[112.564210001,-7.24427999999995,0],[112.564198389,-7.24429632199997,0],[112.56352,-7.24524999999994,0],[112.56305,-7.24581999999998,0],[112.56287,-7.24610999999993,0],[112.562710001,-7.24652999999995,0],[112.562620583,-7.24680877399993,0],[112.56237,-7.24758999999995,0],[112.562597406,-7.24760716299994,0],[112.5629,-7.24762999999996,0],[112.56331,-7.24768999999998,0],[112.56395,-7.24795000099994,0],[112.5641,-7.24805000199996,0],[112.564250001,-7.24822999999998,0],[112.56366,-7.24844999999993,0],[112.563410001,-7.24858999999998,0],[112.56327,-7.24873000099996,0],[112.56315,-7.24891999999994,0],[112.562980001,-7.24928999999997,0],[112.56289,-7.24955000199998,0],[112.562846314,-7.24965679199994,0],[112.562967249,-7.25004307299997,0],[112.563233688,-7.25043796199998,0],[112.563457934,-7.25081011999993,0],[112.564129076,-7.25109431199996,0],[112.564297786,-7.25147118199993,0],[112.564416379,-7.25162781099993,0],[112.565190936,-7.25182467299993,0],[112.565275545,-7.25165423499993,0],[112.565364226,-7.25168991199996,0],[112.565446292,-7.25171259299998,0],[112.565557954,-7.25176446399996,0],[112.565613912,-7.25181661699997,0],[112.565663282,-7.25188515599996,0],[112.565689768,-7.25194391999997,0],[112.565703197,-7.25204856599993,0],[112.565683796,-7.25211734199996,0],[112.565654493,-7.25217304399996,0],[112.565486388,-7.25248977699994,0],[112.565112781,-7.25328040999995,0],[112.565105592,-7.25329562399997,0],[112.56500821,-7.25348662899995,0],[112.564838212,-7.25381819699993,0],[112.564799515,-7.25387781699993,0],[112.564734907,-7.25393752799994,0],[112.564678012,-7.25398175399994,0],[112.56461856,-7.25402074199997,0],[112.564553873,-7.25405712799994,0],[112.56449423,-7.25406248699994,0],[112.564416407,-7.25405760099994,0],[112.564346405,-7.25404753499993,0],[112.564276339,-7.25404000099996,0],[112.564185597,-7.25403516199998,0],[112.564123399,-7.25403537699998,0],[112.564037801,-7.25402789399993,0],[112.56397289,-7.25399963999996,0],[112.563926105,-7.25396616899997,0],[112.563848113,-7.25391219499994,0],[112.56376131,-7.25381530299995,0],[112.563431729,-7.25336449099996,0],[112.563339035,-7.25324827499998,0],[112.563273144,-7.25315240099997,0],[112.563138622,-7.25301055999995,0],[112.562979459,-7.25291192999993,0],[112.562868929,-7.25284170199996,0],[112.56265905,-7.25269560299995,0],[112.562502808,-7.25251261299996,0],[112.562380646,-7.25236051599995,0],[112.562190214,-7.25211553399993,0],[112.562036896,-7.25195793799998,0],[112.561883735,-7.25184554499998,0],[112.561711107,-7.25182633899993,0],[112.56170372,-7.25182636499994,0],[112.56164,-7.25205999999997,0],[112.56151,-7.25254999999993,0],[112.561440001,-7.25265000099995,0],[112.56134,-7.25273999999996,0],[112.561266113,-7.25277608599993,0],[112.560909999,-7.25294999999994,0],[112.56075,-7.25310999999994,0],[112.560680001,-7.25330999999994,0],[112.560620001,-7.25376000099993,0],[112.560604433,-7.25395718899995,0],[112.56059,-7.25413999999995,0],[112.560671833,-7.25454097999994,0],[112.56069,-7.25462999999996,0],[112.56079,-7.25477999999993,0],[112.561,-7.25493999999998,0],[112.561110001,-7.25499000099995,0],[112.561239999,-7.25497000099995,0],[112.561318026,-7.25492123499993,0],[112.561400001,-7.25486999999993,0],[112.56157,-7.25474999999994,0],[112.561669999,-7.25468000199993,0],[112.56175,-7.25464000199997,0],[112.561910001,-7.25468000199993,0],[112.562039999,-7.25476999999995,0],[112.56209,-7.25485999999995,0],[112.5621,-7.25503999999995,0],[112.562076196,-7.25510546199996,0],[112.562059999,-7.25514999999996,0],[112.56199,-7.25524999999993,0],[112.561890001,-7.25536999999997,0],[112.56173,-7.25546000199995,0],[112.56171453,-7.25546859499997,0],[112.561684106,-7.25547401299997,0],[112.561606362,-7.25549200099994,0],[112.561544912,-7.25551490399994,0],[112.561455964,-7.25555390399995,0],[112.561396127,-7.25558973099993,0],[112.561354108,-7.25561727099995,0],[112.561294357,-7.25565625799993,0],[112.56110867,-7.25583463799995,0],[112.560884568,-7.25609044799995,0],[112.560806493,-7.25625073899994,0],[112.560744946,-7.25644044299997,0],[112.560719097,-7.25654504399995,0],[112.560719245,-7.25658783299997,0],[112.560700001,-7.25665999999995,0],[112.56069,-7.25672999999995,0],[112.56069,-7.25680999999997,0],[112.560720001,-7.25688999999994,0],[112.560849999,-7.25702000199993,0],[112.56093,-7.25707999999997,0],[112.560931285,-7.25708026799998,0],[112.561170001,-7.25712999999996,0],[112.56141,-7.25717999999995,0],[112.56162,-7.25719999999995,0],[112.56177,-7.25716999999997,0],[112.562039999,-7.25712999999996,0],[112.562180001,-7.25712999999996,0],[112.56227,-7.25713999999994,0],[112.5624,-7.25719999999995,0],[112.562469999,-7.25731000099995,0],[112.56252,-7.25743999999997,0],[112.5626,-7.25772000099994,0],[112.562730001,-7.25813999999997,0],[112.56281,-7.25858000199997,0],[112.56277,-7.25887000099993,0],[112.562690001,-7.25907999999993,0],[112.56256,-7.25930000099993,0],[112.56244,-7.25938999999994,0],[112.562280001,-7.25946999999996,0],[112.56214,-7.25947999999994,0],[112.56192,-7.25941999999998,0],[112.5618,-7.25930999999997,0],[112.561744819,-7.25918459099995,0],[112.561689999,-7.25905999999998,0],[112.56151,-7.25870999999995,0],[112.561259999,-7.25854999999996,0],[112.56112,-7.25854000199996,0],[112.56097,-7.25860999999998,0],[112.560951353,-7.25862997999997,0],[112.560949547,-7.25862904799993,0],[112.56088226,-7.25862674899997,0],[112.560820145,-7.25862949299994,0],[112.560721791,-7.25864791299995,0],[112.560672783,-7.25868424599997,0],[112.560595277,-7.25872844899993,0],[112.560494706,-7.25883981699997,0],[112.560337481,-7.25904431499993,0],[112.560172492,-7.25924893299998,0],[112.5601415,-7.25926965099995,0],[112.5600897,-7.25925436999995,0],[112.560048105,-7.25921057599993,0],[112.559912427,-7.25912334599997,0],[112.559768722,-7.25902556599993,0],[112.559731527,-7.25900137399998,0],[112.559702085,-7.25899514799994,0],[112.559659838,-7.25900035499996,0],[112.559625315,-7.25901457699996,0],[112.559575462,-7.25902234299997,0],[112.559539586,-7.25901224999996,0],[112.559516433,-7.25898936799996,0],[112.559502105,-7.25892685299993,0],[112.559495569,-7.25887199799996,0],[112.559482571,-7.25882738299993,0],[112.559453055,-7.25879936599995,0],[112.559374695,-7.25870407399998,0],[112.559699567,-7.25793928499996,0],[112.559681022,-7.25788799799994,0],[112.559629284,-7.25782579399993,0],[112.559555445,-7.25776357599995,0],[112.559407968,-7.25769799499994,0],[112.559234779,-7.25762517799996,0],[112.558940153,-7.25756742499993,0],[112.558837095,-7.25756416199994,0],[112.558759825,-7.25756804399998,0],[112.558689935,-7.25759034399994,0],[112.558649616,-7.25763451099994,0],[112.558620335,-7.25767502499997,0],[112.558579458,-7.25775228099997,0],[112.558475208,-7.25827040499996,0],[112.558410703,-7.25864247099997,0],[112.5583767,-7.25880785299995,0],[112.558349159,-7.25907175699996,0],[112.558367585,-7.25913154399996,0],[112.558382345,-7.25918962499998,0],[112.558384456,-7.25928210499995,0],[112.558377349,-7.25932209199993,0],[112.558375714,-7.25938926799995,0],[112.558399564,-7.25941974399996,0],[112.558612449,-7.25970045299994,0],[112.558334323,-7.26011972499998,0],[112.558154224,-7.26038243499994,0],[112.558072033,-7.26050637499998,0],[112.558030001,-7.26053999999993,0],[112.5578,-7.26074999999997,0],[112.5577,-7.26090000199997,0],[112.557683149,-7.26096740299994,0],[112.557640001,-7.26113999999995,0],[112.55763,-7.26147999999995,0],[112.557615165,-7.26154428799993,0],[112.557600001,-7.26160999999996,0],[112.557540001,-7.26166999999998,0],[112.55744,-7.26166999999998,0],[112.55733,-7.26158000099997,0],[112.55727,-7.26141999999993,0],[112.55726,-7.26133000199997,0],[112.557230001,-7.26116999999994,0],[112.55724,-7.26090000199997,0],[112.557250001,-7.26060999999993,0],[112.557190001,-7.26031999999998,0],[112.5571,-7.26012999999995,0],[112.556840001,-7.25979000199993,0],[112.556559999,-7.25959999999998,0],[112.556517152,-7.25957679099997,0],[112.556575167,-7.25943224199995,0],[112.556716943,-7.25916487199993,0],[112.556747688,-7.25911576599998,0],[112.556860104,-7.25903925699993,0],[112.55694722,-7.25898814799996,0],[112.557007073,-7.25893532599997,0],[112.557063211,-7.25886624299994,0],[112.557117553,-7.25881705699993,0],[112.557203483,-7.25876884699994,0],[112.557291191,-7.25869513499993,0],[112.557331819,-7.25863179899994,0],[112.557374515,-7.25856230999995,0],[112.557378399,-7.25849702199997,0],[112.55737,-7.25842165299997,0],[112.55735346,-7.25838906999996,0],[112.557300124,-7.25831783099994,0],[112.557248807,-7.25826909699992,0],[112.557154789,-7.25820188399996,0],[112.557073799,-7.25816672399998,0],[112.556928253,-7.25814145499993,0],[112.556772936,-7.25811938599998,0],[112.556654885,-7.25809881799995,0],[112.556499497,-7.25805577299997,0],[112.55629665,-7.25797916899995,0],[112.555881551,-7.25780474899994,0],[112.555575739,-7.25768609699998,0],[112.555455689,-7.25767014399997,0],[112.555373911,-7.25766680799995,0],[112.555279102,-7.25769488799995,0],[112.555191055,-7.25773551099996,0],[112.555150799,-7.25779803099994,0],[112.555106956,-7.25786047199995,0],[112.555063103,-7.25794126499994,0],[112.555041402,-7.25803671999995,0],[112.555015894,-7.25811012799994,0],[112.555012549,-7.25820181299997,0],[112.555020182,-7.25829345999995,0],[112.555027839,-7.25837037099996,0],[112.55506117,-7.25844357699998,0],[112.555083448,-7.25851682199993,0],[112.555109488,-7.25859746699996,0],[112.555209342,-7.25877676499994,0],[112.555383187,-7.25893212299997,0],[112.555685703,-7.25926469099994,0],[112.555733176,-7.25931914699993,0],[112.55558,-7.25930000099993,0],[112.5555,-7.25930000099993,0],[112.5554,-7.25938000199994,0],[112.55535,-7.25958999999995,0],[112.555319594,-7.25969946099997,0],[112.555252713,-7.25975817799997,0],[112.555220001,-7.25975000199998,0],[112.555019999,-7.25963999999993,0],[112.554956128,-7.25962763799993,0],[112.554956912,-7.25961254599997,0],[112.554924125,-7.25956700199993,0],[112.554842423,-7.25956402699995,0],[112.554669142,-7.25955160199993,0],[112.554504667,-7.25955996899995,0],[112.55446331,-7.25956207099995,0],[112.554339143,-7.25956574999998,0],[112.554257409,-7.25955301199997,0],[112.554178971,-7.25954351599995,0],[112.554106942,-7.25950787299996,0],[112.554041426,-7.25945592999994,0],[112.553974989,-7.25937506299994,0],[112.553969723,-7.25934153799994,0],[112.553977302,-7.25928735799994,0],[112.55399263,-7.25922808899998,0],[112.55410982,-7.25875856099998,0],[112.554109806,-7.25875431899993,0],[112.55410968,-7.25871733599996,0],[112.554083745,-7.25868903699995,0],[112.554060176,-7.25868017599993,0],[112.554030001,-7.25864999999993,0],[112.55393,-7.25862999999993,0],[112.553928296,-7.25863059299996,0],[112.553700001,-7.25870999999995,0],[112.55324,-7.25901000199997,0],[112.55301,-7.25914999999998,0],[112.552860001,-7.25919999999996,0],[112.5527,-7.25917999999996,0],[112.552510001,-7.25913999999995,0],[112.5523,-7.25913999999995,0],[112.55209,-7.25919999999996,0],[112.55195,-7.25926999999996,0],[112.55187,-7.25924999999995,0],[112.55179,-7.25914999999998,0],[112.551750001,-7.25899999999996,0],[112.55185,-7.25879999999995,0],[112.551829183,-7.25879616499998,0],[112.551469999,-7.25872999999996,0],[112.5514,-7.25873999999993,0],[112.55131,-7.25872999999996,0],[112.55123,-7.25871999999993,0],[112.551119999,-7.25869999999998,0],[112.551113817,-7.25873710199994,0],[112.550954979,-7.25863400899993,0],[112.550824242,-7.25852858799993,0],[112.550780442,-7.25847232299998,0],[112.550725208,-7.25839195799995,0],[112.550666773,-7.25829225699994,0],[112.550639154,-7.25825203099993,0],[112.550531761,-7.25807257399993,0],[112.550496922,-7.25797306399994,0],[112.550496723,-7.25791511299997,0],[112.550514663,-7.25785520199997,0],[112.550541701,-7.25779173399997,0],[112.5505633,-7.25773189999995,0],[112.550622691,-7.25747837399996,0],[112.550630744,-7.25732221199996,0],[112.550621955,-7.25726347699998,0],[112.550595933,-7.25720914199997,0],[112.550558466,-7.25717066399994,0],[112.550531676,-7.25713178999996,0],[112.550501265,-7.25708253099998,0],[112.550475833,-7.25702620299995,0],[112.550462522,-7.25697688599996,0],[112.550435976,-7.25690040299997,0],[112.550411573,-7.25683909799994,0],[112.550352815,-7.25679798099998,0],[112.550286123,-7.25677298699998,0],[112.550152799,-7.25674062399997,0],[112.550031973,-7.25673777999998,0],[112.549947191,-7.25675108799993,0],[112.549872162,-7.25677747199995,0],[112.549790804,-7.25685260799997,0],[112.549690019,-7.25698973899995,0],[112.549552115,-7.25727725499996,0],[112.549480424,-7.25745008799993,0],[112.54942257,-7.25789066299996,0],[112.549454438,-7.25814812599998,0],[112.549467603,-7.25822013699997,0],[112.549457329,-7.25825109299996,0],[112.549429017,-7.25826927099996,0],[112.549367102,-7.25828747199995,0],[112.549294803,-7.25828256599993,0],[112.549168188,-7.25824692499998,0],[112.549010409,-7.25815994799996,0],[112.548816308,-7.25804208599993,0],[112.548580399,-7.25786080899996,0],[112.548404563,-7.25777787099997,0],[112.548106026,-7.25764653099998,0],[112.547960678,-7.25761339499996,0],[112.547904221,-7.25761196099995,0],[112.547849207,-7.25759605499996,0],[112.547789334,-7.25755602799995,0],[112.54774242,-7.25750628199995,0],[112.547714721,-7.25744191799993,0],[112.547680425,-7.25732612999997,0],[112.547612376,-7.25725385399994,0],[112.547516561,-7.25718492799996,0],[112.547395071,-7.25711916399996,0],[112.547329862,-7.25709135899996,0],[112.547292813,-7.25708768799996,0],[112.547262202,-7.25708905999994,0],[112.547236704,-7.25710053899996,0],[112.547159495,-7.25718813399993,0],[112.547083772,-7.25729579799997,0],[112.547063848,-7.25734305699996,0],[112.547061063,-7.25738031499998,0],[112.54705983,-7.25743474599994,0],[112.547068465,-7.25753606299998,0],[112.547045768,-7.25760258999998,0],[112.547020771,-7.25767364599994,0],[112.547004952,-7.25774231899993,0],[112.547000565,-7.25781339499997,0],[112.547040405,-7.25793431599993,0],[112.547109845,-7.25806435799996,0],[112.547202771,-7.25818356199994,0],[112.547364036,-7.25835116999997,0],[112.547457667,-7.25845825499994,0],[112.547457436,-7.25854369199993,0],[112.547464409,-7.25859574299994,0],[112.547455509,-7.25865688899995,0],[112.547437514,-7.25870115999993,0],[112.547381775,-7.25880043699993,0],[112.547318467,-7.25895714999996,0],[112.54729567,-7.25899420399998,0],[112.547277818,-7.25901460699993,0],[112.547263802,-7.25902098299997,0],[112.54721158,-7.25903517499995,0],[112.547156746,-7.25904937399997,0],[112.54704927,-7.25906465799994,0],[112.546999007,-7.25906202599998,0],[112.546940139,-7.25905363899994,0],[112.54686406,-7.25903527399993,0],[112.546756336,-7.25899983999994,0],[112.546644328,-7.25895573999998,0],[112.546592041,-7.25892879599996,0],[112.546525035,-7.25889955099996,0],[112.546485226,-7.25887482499996,0],[112.546459026,-7.25883413899993,0],[112.546440732,-7.25881268499995,0],[112.546393421,-7.25875588899993,0],[112.546373653,-7.25873986299996,0],[112.546341278,-7.25872749799993,0],[112.546299064,-7.25872040899998,0],[112.54624252,-7.25871526899994,0],[112.546181533,-7.25872080899995,0],[112.546138539,-7.25872547599994,0],[112.546090994,-7.25873187499997,0],[112.546067646,-7.25873909799998,0],[112.546037225,-7.25875176799997,0],[112.546009405,-7.25876171899995,0],[112.545974536,-7.25878416699993,0],[112.545930418,-7.25885375199994,0],[112.54592142,-7.25888641899996,0],[112.545903387,-7.25891902599994,0],[112.545894455,-7.25894979599997,0],[112.545876447,-7.25898972699997,0],[112.545860188,-7.25901690399996,0],[112.545834978,-7.25906942799998,0],[112.545815164,-7.25910574799997,0],[112.545788114,-7.25914381399997,0],[112.545759104,-7.25915475899995,0],[112.545728284,-7.25916028899996,0],[112.545681054,-7.25914960199998,0],[112.545617511,-7.25912811999996,0],[112.545577462,-7.25909932499997,0],[112.545521106,-7.25906145499994,0],[112.545477487,-7.25903629099997,0],[112.545426588,-7.25900029899998,0],[112.545357726,-7.25895225599993,0],[112.545304667,-7.25887459499995,0],[112.545212425,-7.25871479599994,0],[112.545147794,-7.25859377899997,0],[112.545103953,-7.25852530799995,0],[112.545093725,-7.25850418699997,0],[112.544951749,-7.25882480599995,0],[112.544897356,-7.25905607399994,0],[112.54488955,-7.25908561199998,0],[112.544852829,-7.25922456499995,0],[112.544787466,-7.25939177199996,0],[112.544774066,-7.25944750899993,0],[112.544740275,-7.25965520199998,0]]]]}}]}