nama,daerah_x,CO_abs_energy,CO_auc,CO_autocorr,CO_average_power,CO_calc_centroid,CO_calc_max,CO_calc_mean,CO_calc_median,CO_calc_min,CO_calc_std,CO_calc_var,CO_dfa,CO_distance,CO_ecdf,CO_ecdf_percentile,CO_ecdf_percentile_count,CO_ecdf_slope,CO_entropy,CO_fundamental_frequency,CO_higuchi_fractal_dimension,CO_hist_mode,CO_human_range_energy,CO_hurst_exponent,CO_interq_range,CO_kurtosis,CO_lempel_ziv,CO_lpcc,CO_max_frequency,CO_max_power_spectrum,CO_maximum_fractal_length,CO_mean_abs_deviation,CO_mean_abs_diff,CO_mean_diff,CO_median_abs_deviation,CO_median_abs_diff,CO_median_diff,CO_median_frequency,CO_mfcc,CO_mse,CO_negative_turning,CO_neighbourhood_peaks,CO_petrosian_fractal_dimension,CO_pk_pk_distance,CO_positive_turning,CO_power_bandwidth,CO_rms,CO_skewness,CO_slope,CO_spectral_centroid,CO_spectral_decrease,CO_spectral_distance,CO_spectral_entropy,CO_spectral_kurtosis,CO_spectral_positive_turning,CO_spectral_roll_off,CO_spectral_roll_on,CO_spectral_skewness,CO_spectral_slope,CO_spectral_spread,CO_spectral_variation,CO_spectrogram_mean_coeff,CO_sum_abs_diff,CO_wavelet_abs_mean,CO_wavelet_energy,CO_wavelet_entropy,CO_wavelet_std,CO_wavelet_var,CO_zero_cross,daerah_y,NO2_abs_energy,NO2_auc,NO2_autocorr,NO2_average_power,NO2_calc_centroid,NO2_calc_max,NO2_calc_mean,NO2_calc_median,NO2_calc_min,NO2_calc_std,NO2_calc_var,NO2_dfa,NO2_distance,NO2_ecdf,NO2_ecdf_percentile,NO2_ecdf_percentile_count,NO2_ecdf_slope,NO2_entropy,NO2_fundamental_frequency,NO2_higuchi_fractal_dimension,NO2_hist_mode,NO2_human_range_energy,NO2_hurst_exponent,NO2_interq_range,NO2_kurtosis,NO2_lempel_ziv,NO2_lpcc,NO2_max_frequency,NO2_max_power_spectrum,NO2_maximum_fractal_length,NO2_mean_abs_deviation,NO2_mean_abs_diff,NO2_mean_diff,NO2_median_abs_deviation,NO2_median_abs_diff,NO2_median_diff,NO2_median_frequency,NO2_mfcc,NO2_mse,NO2_negative_turning,NO2_neighbourhood_peaks,NO2_petrosian_fractal_dimension,NO2_pk_pk_distance,NO2_positive_turning,NO2_power_bandwidth,NO2_rms,NO2_skewness,NO2_slope,NO2_spectral_centroid,NO2_spectral_decrease,NO2_spectral_distance,NO2_spectral_entropy,NO2_spectral_kurtosis,NO2_spectral_positive_turning,NO2_spectral_roll_off,NO2_spectral_roll_on,NO2_spectral_skewness,NO2_spectral_slope,NO2_spectral_spread,NO2_spectral_variation,NO2_spectrogram_mean_coeff,NO2_sum_abs_diff,NO2_wavelet_abs_mean,NO2_wavelet_energy,NO2_wavelet_entropy,NO2_wavelet_std,NO2_wavelet_var,NO2_zero_cross,daerah,SO2_abs_energy,SO2_auc,SO2_autocorr,SO2_average_power,SO2_calc_centroid,SO2_calc_max,SO2_calc_mean,SO2_calc_median,SO2_calc_min,SO2_calc_std,SO2_calc_var,SO2_dfa,SO2_distance,SO2_ecdf,SO2_ecdf_percentile,SO2_ecdf_percentile_count,SO2_ecdf_slope,SO2_entropy,SO2_fundamental_frequency,SO2_higuchi_fractal_dimension,SO2_hist_mode,SO2_human_range_energy,SO2_hurst_exponent,SO2_interq_range,SO2_kurtosis,SO2_lempel_ziv,SO2_lpcc,SO2_max_frequency,SO2_max_power_spectrum,SO2_maximum_fractal_length,SO2_mean_abs_deviation,SO2_mean_abs_diff,SO2_mean_diff,SO2_median_abs_deviation,SO2_median_abs_diff,SO2_median_diff,SO2_median_frequency,SO2_mfcc,SO2_mse,SO2_negative_turning,SO2_neighbourhood_peaks,SO2_petrosian_fractal_dimension,SO2_pk_pk_distance,SO2_positive_turning,SO2_power_bandwidth,SO2_rms,SO2_skewness,SO2_slope,SO2_spectral_centroid,SO2_spectral_decrease,SO2_spectral_distance,SO2_spectral_entropy,SO2_spectral_kurtosis,SO2_spectral_positive_turning,SO2_spectral_roll_off,SO2_spectral_roll_on,SO2_spectral_skewness,SO2_spectral_slope,SO2_spectral_spread,SO2_spectral_variation,SO2_spectrogram_mean_coeff,SO2_sum_abs_diff,SO2_wavelet_abs_mean,SO2_wavelet_energy,SO2_wavelet_entropy,SO2_wavelet_std,SO2_wavelet_var,SO2_zero_cross
Nurhabibatul Umah,"Kerek, Tuban",0.3255515950922487,10.822535522608066,3,0.0008919221783349,185.17218306686735,0.038546168555816,0.0296543116307645,0.0295049579193194,0.0216163210570812,0.0031791562084907,1.01070341979e-05,1.0429057264475077,365,0.0150273224043715,0.0296272213260332,182.5,108.4588635874342,0.9984744065485794,0.0027322404371584,1.90131817274396,0.0292347524315118,0,0.7427203251031046,0.0046229835987711,-0.3929037880327453,0.1885245901639344,0.905428415376834,0.3934426229508196,22.07591053059286,-0.0440020152182909,0.0025906658373101,0.0019299196195044,2.09616105918e-05,0.0023178001089641,0.0011636325313399,-0.0001462747653325,0.0,12.119794382550552,1.2525633567602954,75,16,1.0265647814982015,0.0169298474987348,75,0.3360655737704918,0.0298242390094446,0.1902163829093532,3.4650711468e-06,0.0779547496096633,-7.553301828201109,-1210.9976932699997,0.7763393290114154,4.628717009415548,59,0.3934426229508196,0,1.6746823343384538,-0.0443961656706438,0.130288068459287,0.5541029296237545,1.46214033041e-05,0.7044206611191227,0.0018149951179669,0.0080064843387247,2.144113099442884,0.0077724179612452,6.86405848294e-05,0,"Kerek, Tuban",7.682414905e-07,0.015738934704035,7,2.1047712e-09,195.0794358432672,8.83056479021e-05,4.31098055693e-05,4.31148082498e-05,8.7858288679e-06,1.55101621464e-05,2.405651e-10,0.9720891451087093,365,0.0150273224043715,4.34043756488e-05,182.5,22272.724950306398,0.9993583051330968,0.0027322404371584,1.844113800388052,3.66177655299e-05,0,0.8143109258601838,2.26272475363e-05,-0.4738006442338087,0.1721311475409836,0.729486945043989,0.4453551912568306,108.72214898872046,-2.475843822463107,1.28831079516e-05,7.1408985776e-06,4.70459307e-08,1.13317460301e-05,4.179173023e-06,2.188203325e-07,0.0519125683060109,20.944824333253692,0.8533330826116334,57,14,1.0206389047348732,7.95198190341e-05,58,0.1912568306010929,4.58150681112e-05,0.1681121820617931,2.71836407e-08,0.1210331328984425,-2.3558893183048637,-2.518814920714715,0.6852832245677741,2.9517511429391456,56,0.4453551912568306,0,1.1028834122093387,-0.0332798167044677,0.1477595046461902,0.3023084407001541,3.122096e-10,0.0026064279808508,2.7903544445e-06,2.29316944063e-05,2.13666013489235,2.27293391471e-05,5.644993e-10,0,"Kerek, Tuban",4.6129905658e-06,0.0287190984908415,2,1.26383303e-08,209.8773551684669,0.0003086364655852,3.31712637753e-05,2.30336844045e-05,-0.0002548081635419,0.0001072542149284,1.15034666e-08,0.8823021960807785,365,0.0150273224043715,3.36350522653e-05,182.5,2956.580676767145,0.9984744065485794,0.0027322404371584,1.916906761398836,-1.2580804347e-06,0,0.8098347475576854,0.0001472230523631,-0.2365006285915964,0.1994535519125683,0.2252600504262957,0.453551912568306,20.38697735646164,-1.4715265524291494,8.54618084949e-05,7.47606355949e-05,-9.24536498e-08,7.47347221476e-05,4.40044037532e-05,-2.428544879e-07,0.1721311475409836,36.22484663682432,1.3267065350064484,72,16,1.0253898832529524,0.0005634446291271,71,0.3989071038251366,0.0001122666440238,0.223946251562906,2.321317895e-07,0.194577916046222,-0.1641237426325339,-6.615045025516336,0.8463693818742303,1.9068042184221063,57,0.453551912568306,0,0.4056532083370405,-0.0143016329450642,0.1489274966008874,0.2097762081634405,1.89926197e-08,0.0272876319921644,8.060800555e-07,0.0001527597837224,2.1602287241591207,0.0001527568010786,2.46459291e-08,93
Verdi Setyawan Ardiansyah Putra,Menganti Gresik,0.3119461124480203,10.599365408987836,3,0.0008546468834192,183.6145012566878,0.0367012741310256,0.0290413229210367,0.0289050919669014,0.0207940568445158,0.0029855226746633,8.9133456409e-06,0.9878743329546718,365,0.0150273224043715,0.028923667864906,182.5,129.72900647489493,1.0000000000000002,0.0027322404371584,1.916911182910388,0.0295430263520961,0,0.7480642250632242,0.0039970346555831,-0.2571971491230362,0.1939890710382513,0.9110704568173515,0.4153005464480874,32.51131678882789,-0.0437331623824992,0.0024033387429589,0.0019426782632462,1.89902840903e-05,0.0020326555601576,0.0012715784360057,-0.0001989202411925,0.0,14.603932895694689,1.4327855817744015,74,17,1.026061871834679,0.0159072172865098,74,0.3879781420765027,0.0291943792988455,0.2119652702478337,1.4513507935e-06,0.0824364465405127,-7.475631678294239,-1161.0494778157872,0.8149544293706726,4.410508699402478,61,0.4153005464480874,0,1.620867569908759,-0.043239666674152,0.1351352428873905,0.5924561133665129,1.47160397607e-05,0.7090775660848692,0.0017146069821685,0.0075204872178425,2.139120580180281,0.0072972151562736,6.02723177255e-05,0,Menganti Gresik,9.056374067e-07,0.0168442411106411,3,2.4811983e-09,189.6603607756128,0.0001034645186986,4.61304428251e-05,4.2368564105e-05,1.26374841582e-05,1.86118615111e-05,3.464013e-10,0.924083356395732,365,0.0150273224043715,4.56034589488e-05,182.5,16211.282120971076,1.0000000000000002,0.0027322404371584,1.8980628821115928,3.53442427933e-05,0,0.8352884437323769,2.58152906374e-05,-0.0734721192519392,0.1693989071038251,0.6688949026103033,0.4262295081967213,91.15673099617884,-2.3260262079132765,1.50270646218e-05,8.7728403955e-06,5.937909e-08,1.22024902501e-05,3.8910599566e-06,-4.236843418e-07,0.0683060109289617,12.781538078837016,1.0882548663551452,59,15,1.0209810373074868,9.08270345403e-05,59,0.3087431693989071,4.97435336918e-05,0.7224862524086356,1.88102985e-08,0.1213414041514322,-2.0727709789059143,-2.946002329582785,0.7137236088054022,3.0882834730885818,65,0.4262295081967213,0,1.0992904416996985,-0.0332002675068689,0.1400384639949657,0.3510176323383717,4.891453e-10,0.0032020867443597,2.9775871805e-06,2.91418556529e-05,2.140529987818694,2.89448475013e-05,8.979776e-10,0,Menganti Gresik,1.09121834417e-05,0.042160606359691,2,2.98963929e-08,172.14870521705657,0.0004612348566297,8.68692712868e-05,6.489837903e-05,-0.000302355839033,0.0001492261323071,2.22684385e-08,0.8282633512238942,365,0.0150273224043715,9.0186368271e-05,182.5,2319.1711668086373,1.0000000000000002,0.0054644808743169,1.854971916290499,4.12599740152e-05,0,0.7667466557986754,0.0001798716045208,0.0744645428779886,0.1967213114754098,0.3153151063122461,0.4617486338797814,27.75197276022087,-1.389611455694861,0.0001173615699669,0.0001063046991495,5.44277071e-07,8.38464931389e-05,7.025736751e-05,-2.0617367596e-06,0.1693989071038251,40.29514634382193,1.2739442639048095,81,16,1.0282345121346654,0.0007635906956626,80,0.4262295081967213,0.0001726693628216,0.2998991658179058,-7.20744162e-08,0.190053131954559,-0.3794383814327077,-10.092823585700664,0.8349297060849618,1.8562823058262776,53,0.4617486338797814,0,0.4031938651223158,-0.0154692505555567,0.1545077349908357,0.292423196791285,4.1949856e-08,0.0388012151895904,6.5632517915e-06,0.0002039311782934,2.157515549181884,0.0002038108691668,4.51917535e-08,100
Okan Syailendra wahyudi,"Manyar, Gresik",0.3063319171791554,10.489405833929752,3,0.0008415712010416,180.90255292030955,0.0364875681698322,0.0288268069897407,0.0288974400609731,0.0211124308407306,0.0028776249398534,8.2807252944e-06,0.9980619667541256,364,0.0150684931506849,0.0287581328302621,182.5,141.57614830832327,1.0000000000000002,0.0027397260273972,1.8815471484643336,0.0295687563717364,0,0.8190841055697703,0.003986157476902,-0.1547976689697949,0.1863013698630137,0.9029284414149408,0.3780821917808219,18.741802366989795,-0.0869476843575467,0.0022762122701301,0.001712676513285,2.25761035395e-05,0.0019231755286455,0.0011023636907338,0.0001117717474699,0.0,11.976767086339128,1.223359506978026,66,18,1.0232662962752737,0.0153751373291016,65,0.3123287671232876,0.0289700798500493,0.0529940625422371,-1.6615432493e-06,0.0774717697685524,-7.597745807670327,-1167.052697227005,0.8353112549268975,4.54516879522901,59,0.3780821917808219,0,1.6454350904617578,-0.0448290231148806,0.1277776805481169,0.6613995468574732,1.35283618615e-05,0.6234142508357762,0.0016764177631159,0.007558490543052,2.1262520896234425,0.0073475569942288,6.12246880471e-05,0,Manyar,1.9330404826e-06,0.0239897829787853,7,5.3105507e-09,186.07508351437627,0.0001682214788161,6.58602831943e-05,5.94021985307e-05,1.54380450112e-05,3.09584305138e-05,9.584244e-10,1.1117524667797491,364,0.0150684931506849,6.46001906054e-05,182.5,11150.973968044773,0.9993562486743118,0.0027397260273972,1.834685694614316,5.36339034624e-05,0,0.8121165305696043,3.74871609286e-05,0.6751401997995501,0.1671232876712328,0.6567027700422862,0.4410958904109589,86.32111043744717,-2.180806118141449,2.40877125936e-05,1.39466025787e-05,-1.4592692e-09,1.77008455053e-05,7.272854115e-06,-1.7771526e-09,0.0602739726027397,16.92458471762916,1.2492543244787244,53,15,1.019153422471576,0.0001527834338048,53,0.3342465753424657,7.27736306798e-05,0.9294807742328418,1.76945594e-08,0.1296401362005305,-1.779133028377495,-4.319870733558093,0.7024304811422565,2.7123744787869115,54,0.4410958904109589,0,0.9864457199573538,-0.031219781893361,0.1478178426547368,0.3368450917676986,1.2880983e-09,0.0050765633386599,3.5277419064e-06,4.27229113759e-05,2.1473983712734044,4.25243288593e-05,1.940374e-09,0,"Manyar, Gresik",2.4779411506e-05,0.0639976773358604,1,6.80753063e-08,204.25805808888896,0.0007931484724394,0.0001113750670065,8.06185416877e-05,-0.0004098672943655,0.00023555125365,5.5484393e-08,0.7825908664143294,364,0.0150684931506849,0.0001019290473777,182.5,1262.4779541601454,1.0000000000000002,0.0054794520547945,1.9096886345579176,1.11882240162e-05,0,0.7676828339256082,0.0003354326669067,-0.1296136324657206,0.1945205479452054,0.2659467587478349,0.4575342465753425,32.2728344927254,-1.1358854838031387,0.0001903072971087,0.0001780228928664,-6.039687262e-07,0.0001681258272582,8.36140952742e-05,1.5350204193e-06,0.1835616438356164,36.77013365562724,1.2846136840335771,72,16,1.0256369946301591,0.0012030157668049,73,0.4,0.0002605547901052,0.4250776334769285,1.2556412e-07,0.2018325619217992,-0.2888345918597853,-13.006351153935082,0.8813061905236512,1.7873374345301103,59,0.4575342465753425,0,0.3128007434728301,-0.0123868338214977,0.1535557776125191,0.2784110047984652,9.64745504e-08,0.0648003330033946,6.7234751808e-06,0.0003098445152321,2.1686402399849336,0.0003097598313127,1.002557909e-07,98
Mochammad Zaenal Abidin,"Widang, Tuban",0.3208446642645925,10.744960280565529,3,0.0008790264774372,184.81904269992745,0.0378966584801673,0.0294391476306504,0.0291686196855845,0.0211898256093263,0.003156161043265,9.961352531e-06,0.8306044993092944,365,0.0150273224043715,0.0293762572264919,182.5,101.64032221860792,0.9984744065485794,0.0027322404371584,1.9252775926581325,0.0270372171141206,0,0.7453845821146617,0.0042654896737076,-0.1774893106580104,0.1885245901639344,0.9053115034497358,0.3934426229508196,55.37078610047141,-0.0487449153340874,0.0025486788454822,0.0019135220422395,1.79677711774e-05,0.0021833935636096,0.0013120082249634,6.87240622937e-05,0.0,12.016885708919425,1.2672388311413918,78,16,1.0275678387985865,0.016706832870841,78,0.3852459016393442,0.0296078497319588,0.2263687448290856,3.0087715179e-06,0.0774797790617326,-7.701348593352511,-1195.411089644201,0.7458646798221461,4.804561625753788,55,0.3934426229508196,0,1.7039200931704188,-0.0445187315135646,0.1295368013565783,0.4741904590380817,1.34750773826e-05,0.6984355454174326,0.0017672183069484,0.0075190009708036,2.1470707392195094,0.0072800905155666,5.95219492991e-05,0,"Widang, Tuban",3.989307343e-07,0.0114634750709371,4,1.0929609e-09,200.9487830012729,5.89743624004e-05,3.14021895206e-05,3.10782059271e-05,1.06283096101e-05,1.01920153749e-05,1.038771e-10,0.8576697130899653,365,0.0150273224043715,3.12403539946e-05,182.5,33297.99337511083,0.9993583051330966,0.0027322404371584,1.893494632441658,2.75494280867e-05,0,0.7812065697959506,1.49068247895e-05,-0.308613293193845,0.1857923497267759,0.7301304949684853,0.4316939890710382,67.16742087446829,-2.5676345304034727,8.3175244025e-06,6.169646766e-06,-2.05839373e-08,7.4344586325e-06,3.7726520531e-06,4.45812815e-08,0.0710382513661202,32.17026877177387,1.1760000990993538,77,16,1.0274009172126632,4.83460527902e-05,78,0.3387978142076502,3.30147646378e-05,0.2609886423477092,2.70136545e-08,0.1331340809607205,-2.461607806924677,-1.6250592023388983,0.7317699502642362,2.4457426269834475,62,0.4316939890710382,0,0.8794898227455406,-0.0301571748778211,0.1513809744426794,0.3722248765578502,1.464626e-10,0.0022519210696238,2.0320543431e-06,1.46895902482e-05,2.1521825077145085,1.45242694188e-05,2.282557e-10,0,"Widang, Tuban",3.8459773961e-06,0.0263068022525238,2,1.05369243e-08,186.79471520534585,0.0002736910600257,2.56721971738e-05,2.4869556215e-05,-0.0002011674841014,9.92424972196e-05,9.8490732e-09,0.8853719430180095,365,0.0150273224043715,2.63277029868e-05,182.5,4065.687730442705,0.9993583051330966,0.0027322404371584,1.8938591631149255,1.25188607557e-05,0,0.7665437152543929,0.0001172272289561,-0.2308402010899888,0.1994535519125683,0.2398378016998288,0.4644808743169399,35.09150303593702,-1.5320589898762758,7.76175979143e-05,7.07456996268e-05,-1.810011714e-07,5.87610313687e-05,5.46621381545e-05,-1.1715457557e-06,0.1639344262295081,35.654825444438046,0.8403062656346338,86,14,1.0303901148455488,0.0004748585441271,87,0.3989071038251366,0.0001025091945247,0.0912716639126875,2.051630109e-07,0.1880190414550793,-0.1260091612428071,-6.592797624043179,0.8213995412363824,2.070305203069043,58,0.4644808743169399,0,0.4952768630102096,-0.0159941462943179,0.1472459182267266,0.1726262148676032,1.7029504e-08,0.0258221803637985,3.1330620554e-06,0.000141966401889,2.1536936808160467,0.0001419277425457,2.18331262e-08,107
M. Hendrik Purwanto,"Sreseh, Sampang",0.3001284186263094,10.334233529306934,4,0.0008313806610147,178.34262365831626,0.0386644899845123,0.0286297500555439,0.0282798599717872,0.021544212475419,0.0030694366114206,9.4214411115e-06,1.0424843835795732,361,0.0151933701657458,0.0285221091471611,180.5,107.07838905806553,0.9984546721760592,0.0027624309392265,1.8324443514189808,0.0275363096036016,0,0.8637640727803793,0.0042141907382756,-0.1779981465519666,0.1795580110497237,0.91802690829793,0.3950276243093922,21.949312599892,-0.1148321672865177,0.0024734914629233,0.001694321100938,7.226965145e-06,0.0021023103701216,0.0008790008723735,9.6309185028e-05,0.0,8.444975537367739,0.8041234984638576,54,16,1.019508282075393,0.0171202775090933,53,0.3287292817679558,0.0287938192908555,0.4140328507824737,-2.9610060193e-06,0.0757449241343076,-7.546029543581277,-1158.4965128418596,0.7927698952803972,4.919090073992349,58,0.3950276243093922,0,1.7612747343928352,-0.0454551161688925,0.1303221974911417,0.6848865627335483,1.69779798624e-05,0.6116499174386262,0.0016983332042741,0.0078299480058295,2.0985785257801983,0.0076239518560201,6.75236039328e-05,0,"Sreseh, Sampang",2.437782863e-07,0.0086247101890464,9,6.752861e-10,163.94826238225713,4.80196285934e-05,2.38647261062e-05,2.42804916751e-05,-7.910086424e-06,1.01929155936e-05,1.038955e-10,0.9214850815230476,361,0.0151933701657458,2.41609138962e-05,180.5,33814.57077037414,1.0000000000000002,0.0027624309392265,1.8432723688143977,2.28512568355e-05,0,0.8167049765868959,1.48870836937e-05,-0.2602883347179645,0.1740331491712707,0.6664195703991582,0.4475138121546961,54.93781061515986,-2.6432159623068507,8.2548534535e-06,5.4839540969e-06,2.33195424e-08,7.4285944037e-06,2.616690881e-06,-3.978469976e-07,0.0883977900552486,34.73621578848359,0.7188831186625229,55,12,1.0200302415836022,5.59297150175e-05,56,0.3867403314917127,2.59503502948e-05,-0.2611446504623874,-1.96982603e-08,0.1456769003183004,-1.813619885001079,-1.3291414638759254,0.7507648072535984,2.216741996301052,52,0.4475138121546961,0,0.7589660207595514,-0.027213087432733,0.1565827765568799,0.3339308358225186,1.262585e-10,0.0019797074289868,1.1355754627e-06,1.34813308883e-05,2.1321457124505385,1.34263621916e-05,1.971502e-10,10,"Sreseh, Sampang",3.3837211807e-06,0.0229266712930921,2,9.3731888e-09,210.0327979176422,0.0002932171919383,2.11122419295e-05,1.45375684715e-05,-0.000249446980888,9.43481283342e-05,8.9015693e-09,0.8399993678678965,361,0.0151933701657458,1.99630948271e-05,180.5,3873.792655340085,1.0000000000000002,0.0027624309392265,1.927976226971457,-5.2481031161e-06,0,0.7651177320198075,0.0001133298505161,0.1720746358324865,0.2016574585635359,0.156350615255434,0.4558011049723757,19.921547560284115,-1.5120596271868736,7.39520544166e-05,7.34209788252e-05,-5.019766801e-07,5.89527510239e-05,4.52838467868e-05,2.3532545633e-06,0.1823204419889502,38.311831970553634,1.1268647446060882,79,18,1.0279105844184249,0.0005426641728263,78,0.4033149171270718,9.66814153778e-05,0.1424708795980286,9.57026884e-08,0.2036000378927372,-0.108061211509968,-4.822560944823477,0.8725642506371134,1.866886816518572,59,0.4558011049723757,0,0.3218694953903189,-0.0121036110847264,0.147471219736169,0.2205205428055218,1.62526657e-08,0.0265049733559138,1.1062656475e-06,0.0001324908411272,2.167504924144062,0.0001324854437106,1.85615025e-08,108
Robbaniyah Umdatun Ni'mah,"Cerme, Gresik",0.2315015870191241,7.741078210170462,1,0.0008802341711753,132.85259092101768,0.0384883756899931,0.0294365585573291,0.0293665619261911,0.0215908823166185,0.0032231926921836,1.03889711309e-05,0.7221204466844455,263,0.0208333333333333,0.0293722119349345,131.5,102.10469595785231,1.0,0.0037878787878787,1.960571322512249,0.029194754334637,0,0.7107368606586961,0.0047681502892967,-0.3731511395012532,0.2196969696969697,0.8457270525359873,0.428030303030303,13.35829711111457,-0.0799064366486904,0.0026396700599433,0.0029209554234083,2.72222034899e-05,0.0023609833365332,0.002416686787353,6.5532436138e-05,0.0,24.80915063079907,1.5861827964837198,76,9,1.0386054250228296,0.0168974933733746,76,0.4659090909090909,0.0296124965315323,0.1221327911579708,3.7335349718e-06,0.0961885500026063,-7.142752893720544,-561.36702352611,0.8762861600129594,3.351166702940074,42,0.428030303030303,0,1.33388477314553,-0.0546823783628934,0.1478431233776027,0.6535331097236516,1.7186888981e-05,0.7682112763563955,0.0023920896350615,0.0081399820766093,2.1391780254234893,0.0077397564987309,6.85663478705e-05,0,"Cerme, Gresik",7.517447856e-07,0.0121710639952177,3,3.2543064e-09,118.29012509898853,0.0001137084474773,5.2635228444e-05,5.08488524885e-05,7.841929705e-06,2.16751464866e-05,4.698119e-10,0.8764046478151455,231,0.0237068965517241,5.16794122568e-05,115.5,15791.717290647182,1.0000000000000002,0.0086206896551724,1.959861044167164,4.48952109253e-05,0,0.7608049844053185,2.89650893213e-05,-0.2859910995526156,0.2155172413793103,0.6471671842561832,0.4439655172413793,43.557051883912045,-2.3707045515149243,1.74296661686e-05,1.55210195382e-05,-5.05160568e-08,1.475369294e-05,1.25611204562e-05,1.611237024e-07,0.0862068965517241,29.08733999148277,1.1651802352635618,65,11,1.0385617021669609,0.0001058665177722,65,0.4439655172413793,5.69234507789e-05,0.394449859344571,3.20786833e-08,0.1397159773348922,-2.09790869571232,-1.0887221457053096,0.7711364588943912,2.330871110828807,39,0.4439655172413793,0,0.8131447873518208,-0.0444778674633724,0.1530379282792744,0.435391133708629,6.793645e-10,0.0035853555133274,5.0657076914e-06,2.78441294194e-05,2.1808386323754374,2.72304683674e-05,7.646483e-10,0,"Cerme, Gresik",3.19846325e-07,0.0064060839513156,1,8.811193e-10,205.78407915952369,8.6315276814e-05,1.17511782545e-05,6.9671935463e-06,-4.54664041118e-05,2.7214123258e-05,7.406085e-10,0.605151007278631,363,0.0151098901098901,1.03035215264e-05,181.5,12972.0822929496,1.0,0.0027472527472527,1.997431557598792,6.571842121e-07,0,0.6324546931999747,3.37664783081e-05,0.0417014661669243,0.2087912087912088,0.2046674412026745,0.4725274725274725,15.205912409927407,-1.9769258162378285,2.15236325365e-05,2.79658030557e-05,-1.091801049e-07,1.76994205807e-05,2.31393442956e-05,6.604532588e-07,0.2142857142857143,46.70072012084978,1.076217627525753,113,18,1.0390856575625953,0.0001317816809258,113,0.4615384615384616,2.96428523437e-05,0.5913527648996759,2.93720277e-08,0.224669590289906,-0.2475261650592103,-0.8517462034196928,0.9136307128098512,1.7704235972845432,61,0.4725274725274725,0,0.1610253595072704,-0.006571824044529,0.1546764546338383,0.2338057144532025,1.2657465e-09,0.0101515865092543,9.849966567e-07,2.96049834206e-05,2.1915162796153567,2.9586043503e-05,8.844974e-10,168
Ainur Raftuzzaki,Nunukan,0.2786199986281845,10.01631342826616,7,0.000763342461995,187.753747784486,0.0348969362676143,0.0274505355283979,0.0271924193948507,0.0208626203238964,0.0027793751199013,7.7249260571e-06,1.0954507308147343,365,0.0150273224043715,0.0273829610086977,182.5,113.63044758302875,0.9893208458400552,0.0081967213114754,1.7964234784736648,0.0257746309041976,0,0.8682891962200456,0.0037736261729151,-0.3156464470011535,0.1666666666666666,0.9171558417471538,0.3825136612021858,49.08328465173442,-0.2453682939316132,0.0022638527357194,0.0012369443916203,-5.293076169e-07,0.0019573241006583,0.0006757401343849,2.16304324567e-05,0.0,8.431428001660597,1.1281705555398855,59,15,1.021322736901369,0.0140343159437179,59,0.3524590163934426,0.027590883038659,0.1840970042301398,6.1967403978e-06,0.0652979963420798,-8.903145728276524,-1124.9889873588209,0.6710605552711352,5.956973686824654,54,0.3825136612021858,0,2.0092507985785617,-0.0476622326713035,0.1238251974421082,0.8500242346870639,1.28762517308e-05,0.4514847029414442,0.0016940211041172,0.0076034442992045,2.0835286849171464,0.0073996901072253,6.59182262608e-05,0,Nunukan,2.36372973e-08,0.0025893211585767,2,6.47597e-11,200.3202998890972,1.50682280946e-05,7.0971171173e-06,6.9764698764e-06,-9.818282933e-07,3.7701072064e-06,1.42137e-11,0.8502749289286369,365,0.0150273224043715,6.9832560711e-06,182.5,95097.9310451718,0.9969488130971588,0.0027322404371584,1.8813648905103677,6.2406970812e-06,0,0.7171439936285242,5.1372904863e-06,-0.6032374216900838,0.1885245901639344,0.5880629869767584,0.4562841530054645,37.76256501930811,-2.9576341662613848,3.0578866273e-06,2.5668873506e-06,2.339938e-09,2.562692714e-06,1.665290938e-06,0.0,0.1120218579234972,36.25422904407289,1.178142142454149,76,17,1.0268995420062437,1.60500563879e-05,75,0.3825136612021858,8.0363411902e-06,-0.0531475633916001,7.2993995e-09,0.1592807766823498,-1.3660048768542694,-0.4428029628469393,0.8331435091707196,2.153387497330113,57,0.4562841530054645,0,0.6794613701650523,-0.0234100369454241,0.1551603143122367,0.5643985182649462,2.5104e-11,0.0009369138829763,3.498941917e-07,5.4270367452e-06,2.172274042896298,5.4139647912e-06,3.11373e-11,16,Nunukan,7.229313769e-07,0.0103055168431492,1,1.9806339e-09,180.52225562494695,0.0001069097206708,-2.0495839982e-06,-3.8144187328e-06,-0.000112941415864,4.4396188427e-05,1.9710215e-09,0.7195223799053825,365,0.0150273224043715,-2.0595471141e-06,182.5,8678.74801741446,0.9993583051330968,0.0027322404371584,1.9427204011344932,-1.40084044233e-05,0,0.7011210217506274,5.45608846778e-05,-0.113452074503781,0.2021857923497267,0.0971075339831116,0.4644808743169399,12.421679384742175,-1.8048289215583704,3.46066890704e-05,3.90703852448e-05,2.086234678e-07,2.66182704156e-05,2.94621568173e-05,-1.5960285963e-06,0.2021857923497267,42.38833881454857,1.3563099797399634,93,20,1.0326928842411969,0.0002198511365348,94,0.4344262295081967,4.44434735525e-05,0.0190117482274761,1.87766768e-08,0.2176666341981191,0.0092537768982336,-1.686485248605677,0.9073499689091358,1.843020486873539,64,0.4644808743169399,0,0.2698728142270821,-0.0083436041481704,0.145901375373413,0.2048318872329859,3.7091629e-09,0.0142606906143769,5.053865737e-07,5.59424922699e-05,2.1857396304137,5.59397005378e-05,3.1974029e-09,122
Magdalena Jovita Hatuopar,"Pilangkenceng, Madiun",0.3191231103157135,10.70592105044533,17,0.0008767118415266,187.2374497494925,0.0371839126639906,0.029419709836545,0.02916151292975,0.0218808816692504,0.0029648885998332,8.7905644094e-06,0.8180681689739742,364,0.0150684931506849,0.0295833053503557,182.5,118.97797399955932,0.9993562486743118,0.0027397260273972,1.8886884089794007,0.0287672456168834,0,0.7549228157004966,0.0037465126501158,-0.2151088502862097,0.1835616438356164,0.91569862430243,0.4,52.115288272059445,-0.1543055653865519,0.0023378675204245,0.0017070570658241,8.4955585634e-06,0.0017815178745849,0.0012873231341746,0.0001247856533708,0.0,12.882403220344486,1.1734935612604735,93,17,1.032628608096113,0.0153030309947401,93,0.3561643835616438,0.0295687316480759,0.2940346075734156,6.7068498816e-06,0.0702921016992893,-8.729571357656676,-1169.6412810895033,0.6695613552314611,5.442776136631981,60,0.4,0,1.8873682957615965,-0.0467019940612193,0.1280225443525031,0.3894286626907909,9.9503670973e-06,0.6213687719599846,0.0018610677745446,0.007592480779205,2.1249299942094844,0.0073406507961046,6.33344783409e-05,0,"Pilangkenceng, Madiun",2.523118441e-07,0.0091895222187748,2,6.912653e-10,202.6841413200408,4.72594963598e-05,2.51954537914e-05,2.44577377759e-05,5.5296316231e-06,7.3868620957e-06,5.45657e-11,0.823227990200474,365,0.0150273224043715,2.52686588571e-05,182.5,46755.5643541827,0.9987166102661934,0.0027322404371584,1.919187421131804,2.43080707546e-05,0,0.7360007782496106,9.7261809202e-06,-0.062121897228645,0.1912568306010929,0.7153549923841469,0.4316939890710382,23.088872514100625,-2.652772480074147,5.8915688753e-06,4.8334341153e-06,2.22420419e-08,4.7800858996e-06,3.2314844539e-06,-1.493750092e-07,0.0710382513661202,26.968962735306,1.3458282002274768,75,18,1.0267322129005043,4.17298647366e-05,75,0.4098360655737705,2.62559826207e-05,0.3288612681414529,2.20347864e-08,0.1303350902593088,-2.473878659527056,-1.335800067182111,0.8439107181118112,2.6418879652429235,63,0.4316939890710382,0,0.941296484717314,-0.0308794526193369,0.1479496930257574,0.4945027330040549,8.95099e-11,0.0017642034521001,1.6459788038e-06,1.12342182704e-05,2.1709565879586443,1.10856807195e-05,1.287794e-10,0,"Pilangkenceng, Madiun",3.9864495606e-06,0.025925997149144,1,1.09517845e-08,183.0413732277676,0.0003042237365469,6.49356792136e-05,4.54906877112e-05,-0.0001431285096008,8.18849020466e-05,6.7051371e-09,0.6574572426463224,364,0.0150684931506849,6.49766586476e-05,182.5,3847.519435187132,1.0000000000000002,0.0027397260273972,1.978622409583025,1.34447765508e-05,0,0.6752525080526479,0.0001032180228928,0.2758053540965788,0.2,0.3591541569681608,0.4712328767123288,17.23049594178093,-1.5305736027898986,6.49510562588e-05,7.22503862327e-05,-2.958980834e-07,4.62607523735e-05,5.26281754715e-05,3.2492033458e-06,0.1835616438356164,51.14726943534704,1.020684067474388,97,18,1.0337768952426147,0.0004473522461477,97,0.4246575342465754,0.0001045073184907,0.7012677231229936,2.60812715e-08,0.2033786102864749,-0.5016049112875272,-4.692989700993872,0.9022568386752796,1.8877963253888927,58,0.4712328767123288,0,0.2992990691277504,-0.01198351382944,0.15165974247244,0.3188227012171573,1.16273865e-08,0.0262991405887134,5.37551783e-06,9.34470629672e-05,2.188756995696374,9.32266497706e-05,8.7917437e-09,95
Rachelia Andini Tendean,"Tikala, Manado",0.2337529141957328,9.101386292837542,7,0.0006457262823086,185.41958516409665,0.0334461443126201,0.0251556202543503,0.0248763933777808,0.0164867080748081,0.0033379921578291,1.11421916457e-05,0.989990578716813,362,0.0151515151515151,0.0251066572964191,181.0,96.33108827729929,0.999352098450388,0.0055096418732782,1.8219383426980849,0.0241184543818235,0,0.8260607639486119,0.0047839572653174,-0.473920551780369,0.1763085399449036,0.8862867666411804,0.4077134986225895,83.87093268209352,-0.1287605515727435,0.0027558503163198,0.0016362340400479,1.21516242458e-05,0.0023076739162206,0.0009775059297681,0.0001539224758743,0.0,17.709090468675672,1.3231655239080256,64,13,1.022897545459833,0.016959436237812,63,0.3278236914600551,0.0253761191285588,0.2342349556394017,4.877317003e-06,0.0795309401443998,-6.454382162523009,-1068.7441542469724,0.7345703471251598,4.679481582522581,61,0.4077134986225895,0,1.6845327985579237,-0.0445328899936651,0.1314445256441058,0.7997994566830104,1.66903249815e-05,0.5923167224973444,0.0015395567549893,0.0075934976540608,2.1121709946841047,0.0074219453395288,6.39202196972e-05,0,"Tikala, Manado",3.10067511e-08,0.0028892366131582,5,8.5654e-11,171.93908617194214,1.95006359717e-05,7.8375149817e-06,8.2759252109e-06,-5.380816674e-06,4.8981022974e-06,2.39914e-11,1.041543963272697,362,0.0151515151515151,7.793740724e-06,181.0,80290.43784048682,0.9701192127216332,0.0027548209366391,1.78145286689627,8.3039822811e-06,0,0.9043626550884112,6.9613254045e-06,-0.4513979558065899,0.1652892561983471,0.56315987771456,0.4435261707988981,21.94434024917836,-2.9962525236104995,4.0302089419e-06,1.9408685519e-06,-1.33486085e-08,3.5586981539e-06,9.310898609e-07,2.521231294e-07,0.0661157024793388,6.006964951258631,0.723339315614974,40,14,1.0148945830710767,2.48814526457e-05,41,0.256198347107438,9.2421884424e-06,-0.1124995610327993,-7.7863814e-09,0.1254604808482239,-1.312545848899621,-0.6617492824179656,0.7474293558167869,3.101495432595298,55,0.4435261707988981,0,1.1162029598302148,-0.0324857059234967,0.1416320898088987,0.4255190531789888,3.93101e-11,0.0007025944157987,5.333866476e-07,8.2836819914e-06,2.12193436027673,8.2632010369e-06,7.51835e-11,22,"Tikala, Manado",3.8010736334e-06,0.0258483250128707,2,1.05002034e-08,199.98145067084772,0.0003039902076125,-1.00691975627e-05,-8.1785701695e-06,-0.0003030946827493,0.000101832649419,1.03698884e-08,0.9256089685988071,362,0.0151515151515151,-1.33426973661e-05,181.0,4070.411471917888,0.997408393801552,0.0082644628099173,1.8772845606952755,3.08020069496e-05,0,0.8064695506711874,0.0001290982315897,0.3181312674828946,0.1790633608815427,0.1785780402099169,0.4490358126721763,17.323043902711113,-1.536535280339706,8.02220987117e-05,6.23090954207e-05,2.19205908e-07,6.56951897326e-05,3.53115119651e-05,-8.8911943488e-06,0.1680440771349862,30.00224861906301,1.4518894088124257,53,14,1.019447179590395,0.0006070848903618,54,0.3911845730027549,0.0001023292589011,0.0518689507889004,5.77780041e-08,0.1914288175506187,-0.0236348109886307,-6.152561060858539,0.8377248401413755,1.9832248544137856,57,0.4490358126721763,0,0.4570418944697192,-0.0151824043254811,0.1445223841782208,0.2582066003877392,1.83277719e-08,0.0225558925422948,8.380800472e-07,0.0001529689672295,2.150468201654726,0.0001529661225571,2.49985142e-08,81
Kurnia Maulinda Sari,"Labang, Bangkalan",0.3052118337681422,10.48943324876016,3,0.0008361968048442,180.4202639295856,0.0357047170400619,0.0287431058953541,0.0288129330923159,0.0213861521333456,0.002783159644912,7.745977609e-06,1.068216738008008,365,0.0150273224043715,0.0285402070730923,182.5,145.08322861588903,0.9993583051330968,0.0027322404371584,1.909264346291688,0.0292613628320395,0,0.809913669278033,0.0035894701140932,-0.10113680502281,0.180327868852459,0.9185871831829944,0.412568306010929,33.19306300418844,-0.0870501183155097,0.0021922657701439,0.0017065499768885,1.6404754699e-05,0.0017781656545897,0.0010045869275927,-9.20141012304e-05,0.0,16.10855580011651,1.151793192997281,67,17,1.0238718287035204,0.0143185649067163,67,0.3579234972677595,0.0288775364967409,-0.0390901204622809,-2.9162370073e-06,0.0778817745264111,-8.02454616274315,-1145.5295068343564,0.8122489164905666,4.795352744556196,61,0.412568306010929,0,1.714058419920848,-0.0444149968437134,0.1314990143757991,0.6154709839395578,1.20992615969e-05,0.6228907415643332,0.0016950271039216,0.0073070651021544,2.1286154235877444,0.0070856054103264,5.77773598532e-05,0,"Labang, Bangkalan",4.164347489e-07,0.0112406499080766,12,1.1409171e-09,167.9702841600564,6.35926844552e-05,3.07481153502e-05,2.96073045222e-05,-4.5659215857e-06,1.38691478807e-05,1.923532e-10,1.0016932900416455,365,0.0150273224043715,3.0873844379e-05,182.5,19051.47828868696,0.9993583051330968,0.0027322404371584,1.783327088167305,2.61054511327e-05,0,0.8243132906560338,2.31099224947e-05,-0.8815412004841527,0.1639344262295081,0.7000287736224867,0.4344262295081967,79.6268673289443,-2.589070862633838,1.18252416326e-05,5.8955072884e-06,2.20221209e-08,1.15744884396e-05,3.2031019827e-06,-7.028148729e-07,0.0601092896174863,22.097460520867624,0.6676968501210849,61,13,1.0218344776473585,6.81586060409e-05,61,0.2486338797814207,3.37312890434e-05,0.0740257413909654,-2.29607934e-08,0.1239476971765669,-1.862876078559824,-2.0606911319923844,0.6817560332849412,2.774714449462224,61,0.4344262295081967,0,1.0348558692800829,-0.0325277152761761,0.1467336747693387,0.2880816023179304,2.510451e-10,0.0021518601602679,1.2334587972e-06,1.85792077472e-05,2.122575201884879,1.8529959706e-05,3.811326e-10,4,"Labang, Bangkalan",1.17348486677e-05,0.0456028303343108,2,3.21502703e-08,195.00407571420232,0.000469113670988,7.48214422587e-05,7.71374134274e-05,-0.0003405458701308,0.0001626781479868,2.64641798e-08,0.8437326572733441,365,0.0150273224043715,7.54986707761e-05,182.5,2621.065447273938,0.9993583051330968,0.0027322404371584,1.9270388327200376,2.38009233726e-05,0,0.7473893494490779,0.0001928447121031,-0.0585454791599522,0.1912568306010929,0.2094006270134213,0.4590163934426229,16.7314318574407,-1.274912111649622,0.0001274891262049,0.000114618634752,-1.4425934663e-06,9.64782386745e-05,5.87521282795e-05,-1.48101171362e-05,0.1693989071038251,32.4690393220698,0.9864668757903066,62,18,1.0221751011622833,0.0008096595411188,62,0.3879781420765027,0.0001790598448957,-0.0729681679151442,1.745630886e-07,0.1943871408552776,-0.2818222724144941,-10.605414490581886,0.8827777069887133,1.9580875212179207,53,0.4590163934426229,0,0.4218017046608984,-0.0143508623597897,0.1476543862388784,0.2508743719475682,4.84755624e-08,0.0418358016844929,4.9347519123e-06,0.0002297564636667,2.1760435958212985,0.0002296917926189,5.45622237e-08,87
Marshella Aulia Putri,"Kec. Kalianget, Sumenep",0.1529917850684383,5.467815555632104,1,0.0007688029400424,99.43049426158672,0.0352353882044553,0.0274805418681352,0.0270227962173521,0.021211814135313,0.0031270983316575,9.7787439758e-06,0.7720275303174812,199,0.0274999999999999,0.0275743519887327,100.0,99.53171987671963,1.0,0.005,1.936760483453436,0.0261200650595128,0,0.7472094279277519,0.0042179885786027,-0.45741885066453,0.235,0.8121207040202977,0.45,12.65268688203878,-0.2200929224675519,0.002534002399072,0.003014693242596,1.22032086154e-05,0.0021084626205265,0.0025943396613001,0.0001618731766939,0.0,23.433224732592556,1.6410057425022768,63,7,1.0442966288110014,0.0140235740691423,63,0.475,0.0276578908332177,0.3465292400719351,-1.06107618e-07,0.0938793056426249,-7.261172720927381,-297.563218124596,0.8859921412049399,3.720983006638159,34,0.45,0,1.4428716858496038,-0.0727411505450785,0.1491597743312831,0.6786464197044175,1.75065990234e-05,0.5999239552766081,0.0029411175181067,0.008839974288004,2.1204796253993017,0.0082806456505699,7.8028457122e-05,0,"Kec. Kalianget, Sumenep",5.67856566e-08,0.0030663229503603,1,2.912084e-10,99.07544262622702,3.05788389596e-05,1.5733231783e-05,1.61678701715e-05,7.728081179e-07,6.495241007e-06,4.21881e-11,0.7881370640538182,195,0.0280612244897959,1.55570869537e-05,97.5,64548.22519067209,1.0,0.0051020408163265,1.9366888786102048,1.71661250808e-05,0,0.7344163187934775,8.1439808354e-06,-0.3810124934514931,0.2448979591836734,0.6202787368182096,0.4489795918367346,16.663216297341826,-2.9033911145521816,5.183558199e-06,6.2416928272e-06,-2.21998981e-08,4.0738285633e-06,5.3631933951e-06,1.822140802e-07,0.1071428571428571,34.5132659234955,0.9613868326322952,56,9,1.0405838715842826,2.98060308416e-05,56,0.4438775510204081,1.70212437289e-05,-0.2621306237547216,7.3797707e-09,0.1573953961580672,-2.0303676948471354,-0.1985882334741334,0.8677266696199276,1.9904414373695003,25,0.4489795918367346,0,0.5939563640877172,-0.0440012178255001,0.1575939035744431,0.6035801918654619,8.14065e-11,0.0012171301013168,1.5077488981e-06,9.4319051501e-06,2.16478755987228,9.2806249933e-06,9.02251e-11,0,"Kec. Kalianget, Sumenep",3.9938300227e-06,0.0188789835970912,1,1.68516034e-08,115.26044846226748,0.0003278202784713,1.84555522649e-05,1.85870385394e-05,-0.0002890191972255,0.0001282193082405,1.6440191e-08,0.7226003385383573,237,0.0231092436974789,1.86693532668e-05,118.5,2790.4431481816123,1.0,0.0084033613445378,1.9722917018656212,-1.14414331619e-05,0,0.6655584677226413,0.0001658320636578,-0.2234074972815887,0.2352941176470588,0.1282602157118361,0.4705882352941176,15.439173820061184,-1.4964042944718043,0.0001019040990244,0.0001264575883168,-2.672600145e-07,8.77646107255e-05,0.0001035393306664,-1.7693309928e-06,0.2142857142857142,47.277765788025626,1.574140660790392,74,14,1.042310263526974,0.0006168394756968,74,0.4411764705882352,0.000129540721069,-0.2020331938062877,4.53548545e-08,0.2238661224946174,-0.0557456061104933,-1.4083433558930372,0.8947689887723025,1.7697964841788374,36,0.4705882352941176,0,0.1919460808003294,-0.0102807650351752,0.1509607181903988,0.2439759175577535,3.26243673e-08,0.0299704484310843,4.297108622e-06,0.0001439054322955,2.1924550402486847,0.0001438182381139,2.08942978e-08,110
Ahmad Dafi Zidni Alfarisi,"Paciran, Lamongan",0.3261721095085239,10.840512623156709,3,0.0008936222178315,185.07759074688573,0.0381157919764518,0.02969817797851,0.0293240182412167,0.0214683692902326,0.0030329609013656,9.1988518292e-06,0.8442813182555977,365,0.0150273224043715,0.0297098490409552,182.5,99.6386125089592,0.9993583051330966,0.0027322404371584,1.8550407313269643,0.0289597094990312,0,0.7724320605554348,0.0044292990816757,-0.3862211448823269,0.180327868852459,0.9152375715417366,0.4180327868852459,31.49727086766013,-0.1221491509812873,0.0024928759965579,0.0017836211011085,1.26787133889e-05,0.002102060864369,0.0011128927063611,-3.6917626857e-06,0.0,17.339128058210758,1.3836121445073193,70,13,1.025053267749791,0.0166474226862191,71,0.3989071038251366,0.0298526485771777,0.2500534274585334,3.5002598194e-06,0.0775169742678131,-7.749308870376574,-1202.5143541088692,0.7928065731365651,4.95908799892208,54,0.4180327868852459,0,1.7605723847228218,-0.0445091333146747,0.133447282332006,0.5998429825559328,1.3903348736e-05,0.6510217019046344,0.0018103701548711,0.0077099713424714,2.1195423966776747,0.0074735452368033,6.50838844187e-05,0,"Paciran, Lamongan",3.246208143e-07,0.0103919896868155,3,8.89372e-10,199.38142488762017,5.12838956638e-05,2.84609071746e-05,2.81072484661e-05,8.7809139586e-06,8.7703408509e-06,7.69188e-11,0.8403145046448222,365,0.0150273224043715,2.86124271345e-05,182.5,40850.85614117018,0.9993583051330968,0.0027322404371584,1.933218327444184,2.36569575554e-05,0,0.7515553471004643,1.16890305283e-05,-0.353145863716009,0.1857923497267759,0.7101976157006397,0.4344262295081967,36.37513863373532,-2.57892729309166,7.1389352763e-06,5.368962202e-06,-4.36507501e-08,5.8753358992e-06,3.3507844818e-06,-1.857701792e-07,0.0683060109289617,22.431434381880607,1.1532249596721678,69,19,1.0247162362808873,4.25029817051e-05,70,0.3387978142076502,2.97815734279e-05,0.1664955584542892,2.20772367e-08,0.1316312045788047,-2.456432287715397,-1.4978059865449702,0.7890582224317811,2.601344936994065,64,0.4344262295081967,0,0.930438314607784,-0.0305449911568678,0.1489820360508008,0.4056281165939834,1.082967e-10,0.0019596712037329,1.9597723176e-06,1.4403638193e-05,2.159364368473629,1.42393827015e-05,2.179091e-10,0,"Paciran, Lamongan",6.2009040468e-06,0.0318662253771375,2,1.69887782e-08,181.06457946356136,0.0003511662410649,3.31006956532e-05,2.69580060982e-05,-0.0002661117875201,0.0001258836952546,1.58467047e-08,0.749239383436822,365,0.0150273224043715,2.7674884374e-05,182.5,2985.196913335596,0.9993583051330966,0.0027322404371584,1.961080510375152,1.16633253431e-05,0,0.72250374732751,0.000160324410421,-0.2247848091288067,0.2076502732240437,0.1230845696946213,0.4590163934426229,12.782813881537807,-1.3334493266719845,9.95887737403e-05,0.0001080466901128,7.101833433e-07,7.84979445294e-05,8.77829782741e-05,9.0153613807e-06,0.1857923497267759,34.4531637544198,1.2961255128671043,83,18,1.0292315011315836,0.000617278028585,83,0.4234972677595628,0.000130162824123,0.1548971249073349,1.548240407e-07,0.2046491578838552,-0.1407620403015307,-6.662064856186417,0.8945652268474511,1.913793478430449,58,0.4590163934426229,0,0.3590249842924127,-0.0117027554978911,0.1459499212174735,0.2328771568778445,2.94352417e-08,0.0394370418911844,2.9311422089e-06,0.0001714125896066,2.182718246888698,0.0001713791403465,3.00792382e-08,127
Rian Renaldy,"Waru, Pamekasan",0.2728159162434501,9.911389610543829,2,0.0007474408664204,178.9159492235279,0.0347780734300613,0.0271575462775396,0.0271900122364361,0.0195908397436141,0.0028047029154774,7.866358444e-06,0.8396127221274393,365,0.0150273224043715,0.0271526501824457,182.5,129.58034584951386,1.0000000000000002,0.0027322404371584,1.9052376273372191,0.02794381827116,0,0.7531700627007136,0.0037886042599424,-0.0759042533674967,0.1857923497267759,0.9003288023473011,0.407103825136612,20.98546844181017,-0.0732600538534966,0.0022279534734192,0.0018550885846353,-1.604650935e-06,0.0019136465021541,0.0011339469088448,0.0003033012151717,0.0,15.188686382445717,1.3548206458578618,67,18,1.0237026322725993,0.0151872336864471,67,0.3825136612021858,0.0273019903717804,-0.1046690942896021,-4.3948459641e-06,0.0826383359058295,-7.526397237296609,-1081.444870175053,0.8188878564597593,4.149613880691264,58,0.407103825136612,0,1.555722286895009,-0.0431875692539128,0.1344232479800142,0.6439259845273962,1.3589877763e-05,0.6771073333919051,0.0015776742760583,0.0069961178197022,2.1396723256004564,0.0067936369613858,5.21613089927e-05,0,"Waru, Pamekasan",1.12319717e-07,0.0059009344806551,5,3.077252e-10,168.84488961686313,3.31195042235e-05,1.61359382595e-05,1.58689690579e-05,-2.2653782707e-06,6.8202616823e-06,4.65159e-11,0.9304184889060764,365,0.0150273224043715,1.59290181727e-05,182.5,54239.95025546198,1.0000000000000002,0.0027322404371584,1.835247933744934,1.36578188516e-05,0,0.8003320226116529,8.5807611033e-06,-0.1870610983249845,0.180327868852459,0.6887326961930986,0.4344262295081967,41.05617806338728,-2.78407771423526,5.4088776391e-06,3.7065842231e-06,7.2239328e-09,4.3735750296e-06,1.8478820796e-06,8.35469917e-08,0.0737704918032786,26.4838604145652,0.8293898062853554,60,16,1.021322736901369,3.53848824943e-05,60,0.3497267759562841,1.75181184186e-05,0.0634952656060426,-9.9546456e-09,0.13584256464976,-1.8486827182465404,-0.9957528210093772,0.7707565219449717,2.471541937991724,56,0.4344262295081967,0,0.8635128050869224,-0.0294582524123533,0.1488176966124629,0.4227675837782881,7.72214e-11,0.0013529032414642,6.737109335e-07,9.8473892742e-06,2.1424006352829235,9.8198509637e-06,1.046791e-10,6,"Waru, Pamekasan",3.3750064136e-06,0.0252289906558667,3,9.2465929e-09,184.64295734285935,0.0002608241435761,1.12827031827e-05,5.0525631781e-06,-0.0001972867175936,9.53626216495e-05,9.0940296e-09,0.983929739814236,365,0.0150273224043715,1.07090757713e-05,182.5,3173.3089667324066,1.0000000000000002,0.0081967213114754,1.892654020114211,8.8631699327e-06,0,0.7955954498055947,0.0001418508153518,-0.4173596396041676,0.1939890710382513,0.2163795223519017,0.4617486338797814,31.62286923964697,-1.5587360838540032,7.69415601999e-05,5.66002136341e-05,1.875959846e-07,7.00584775889e-05,3.38472782459e-05,1.5536912321e-06,0.1284153005464481,25.337619804152265,1.0199365021183997,65,14,1.0228550659105913,0.0004581108611696,64,0.3825136612021858,9.6027751192e-05,0.1499572368232159,7.03477927e-08,0.1815104090108846,-0.0211091451291806,-6.811187463486828,0.8310095970969311,2.0691675325272216,57,0.4617486338797814,0,0.5936159688395088,-0.0176736946900231,0.1477533212459945,0.159843163424902,1.51482937e-08,0.0206590779764704,3.775648205e-07,0.0001380463800048,2.166453778116717,0.0001380457496218,1.98762948e-08,95
Ahmad Syahrul Farihin,"Gresik Kota, Gresik",0.3079690046760604,10.527943643741292,2,0.0008437506977426,182.0654085452379,0.0385898947715759,0.0288479211511181,0.0284828785806893,0.0193852093070745,0.0030401995372422,9.2428132262e-06,0.9418919620674092,365,0.0150273224043715,0.0287347761914133,182.5,117.8446545772658,1.0000000000000002,0.0027322404371584,1.8793769399708544,0.0280273177661001,0,0.7730630719827205,0.0036013106672236,0.5469137261071682,0.1775956284153005,0.8994462463326363,0.3989071038251366,19.357037409172023,-0.073211270506671,0.0023463809521491,0.0018145679866206,1.55937334854e-05,0.0018162250518798,0.001025674243768,-4.60036098956e-05,0.0,17.533387365652796,1.0749554280608953,62,15,1.022004842982733,0.0192046854645014,62,0.3579234972677595,0.0290076777417182,0.3507458957974663,-9.121896844e-07,0.0835917000259301,-7.267824497224788,-1160.1284494085514,0.8279904174257009,4.242094372436628,54,0.3989071038251366,0,1.5592595193085732,-0.0429415542588786,0.133380314055888,0.6605948539025221,1.4639439943e-05,0.6623173151165259,0.0016860351649668,0.0074516565515082,2.137603005149772,0.0072327695786992,5.85042407168e-05,0,"Gresik Kota, Gresik",1.5239802902e-06,0.0224173956921718,3,4.1752884e-09,184.03973502803652,0.0001239730918314,6.13528625842e-05,6.04773489282e-05,8.4861549112e-06,1.99926693352e-05,3.997068e-10,0.8858884904989109,365,0.0150273224043715,5.93125841987e-05,182.5,23789.87369530313,1.0000000000000002,0.0054644808743169,1.8657558885278969,6.04552765253e-05,0,0.824001029129275,2.35491024795e-05,0.1002135711629224,0.174863387978142,0.7157949562775664,0.4508196721311475,25.366956736613293,-2.2578925308595283,1.56852107862e-05,1.2000547706e-05,7.3537356e-08,1.18090217228e-05,7.2724429628e-06,2.982953446e-07,0.0792349726775956,28.066218364528407,0.8901034667527211,61,12,1.0216640049759071,0.0001154869369201,61,0.4371584699453552,6.45281378503e-05,0.3915099835831813,-2.3952133e-09,0.1374080982665017,-2.265656064139912,-3.2681991449244574,0.8434113035107538,2.4866317237835065,58,0.4508196721311475,0,0.9172404619252328,-0.0290542674743551,0.1549665884920825,0.6855245941680111,7.180607e-10,0.0043801999127014,2.9440962071e-06,3.14223056316e-05,2.145496462077428,3.12476089551e-05,1.0400732e-09,0,"Gresik Kota, Gresik",3.04453116123e-05,0.0729861170615454,2,8.34118126e-08,198.7458577158881,0.0008350115385837,0.0001420103248502,0.0001305190817219,-0.0006166346138343,0.0002510318289484,6.30169791e-08,0.8437040395870373,365,0.0150273224043715,0.0001304722933458,182.5,1512.452031159701,1.0000000000000002,0.0081967213114754,1.9191496234772905,0.0001817707699955,0,0.780207475575011,0.0003250857369291,0.2831730807913084,0.1967213114754098,0.2658412753414095,0.4672131147540984,13.716198938249391,-1.0962264726529845,0.0001967484221803,0.0001894826565609,-7.706171034e-07,0.0001639237797967,0.0001057691588357,1.746935463e-05,0.1830601092896175,34.68966344010311,1.3218728133772084,73,15,1.025558035445763,0.001451646152418,72,0.3989071038251366,0.0002884162122857,0.1671735863033033,1.548036138e-07,0.2011215937673709,-0.3486199043568832,-14.991176285363958,0.8967307569001874,1.8100621785218152,61,0.4672131147540984,0,0.3320516071779268,-0.0126130411382906,0.1543932726222013,0.3322108047026374,1.054721809e-07,0.069161169644748,9.1153857227e-06,0.0003523737640401,2.1652749968461413,0.0003522177447287,1.302619787e-07,99
Dedy Nurohim,sambeng lamongan,0.3125751849265655,10.60993478350484,2,0.0008563703696618,185.40923187514355,0.0370823323726654,0.0290779206407158,0.0288107578953106,0.0220477441946665,0.00291634893675,8.5050911208e-06,0.764371584940424,365,0.0150273224043715,0.0290166658393683,182.5,105.01950507031572,1.0000000000000002,0.0027322404371584,1.920791104182086,0.0273098500569661,0,0.7239096596086813,0.0042708879323689,-0.2908994175978998,0.1939890710382513,0.8873074204477058,0.412568306010929,45.81462701008956,-0.0643175964866897,0.0023751570574957,0.0020551064458879,8.9605295494e-06,0.0020779316624005,0.0015628693195489,2.2675593694e-05,0.0,20.37691647656564,1.5779656557987354,86,13,1.0300595783296291,0.0150345881779989,86,0.412568306010929,0.0292238012570002,0.3556627943648406,3.7161192012e-06,0.0837413006999488,-7.656518657261763,-1141.5151775902268,0.7874490515247945,4.296188745286341,61,0.412568306010929,0,1.5740151550926158,-0.0429029499016348,0.1354496327879088,0.5020180495426252,1.21121286583e-05,0.7501138527490897,0.0017401363280052,0.0070211134739874,2.1454866813213225,0.0067767319448484,5.22443891845e-05,0,sambeng lamongan,3.854020251e-07,0.0112284378324486,6,1.0558959e-09,196.83881957431336,6.23377001223e-05,3.07630259716e-05,2.93515296561e-05,6.8181675487e-06,1.03270146049e-05,1.066472e-10,0.8581287614459153,365,0.0150273224043715,3.09944018681e-05,182.5,29289.52461800344,1.0000000000000002,0.0027322404371584,1.916540416112876,2.62500039495e-05,0,0.7779188296301132,1.41003596688e-05,-0.1261341412791283,0.1775956284153005,0.7339216362780503,0.4453551912568306,120.10686026805072,-2.5822106892146843,8.3446204419e-06,5.9397292505e-06,2.25199267e-08,6.8973493853e-06,3.5021622655e-06,-4.873691068e-07,0.0655737704918032,29.51546195781464,1.3079433997495225,67,16,1.0238718287035204,5.55195325735e-05,68,0.3770491803278688,3.24501309332e-05,0.3826414732149707,1.99847178e-08,0.1361709404539824,-2.423512851919257,-1.5615896801008962,0.6855284086539173,2.3312160139873237,55,0.4453551912568306,0,0.8528686722562141,-0.0293735152483025,0.1560537341644809,0.2751505989077515,1.258376e-10,0.0021680011764684,1.890919264e-06,1.34677624235e-05,2.154112579101092,1.33054377578e-05,1.879498e-10,0,sambeng lamongan,8.1283366712e-06,0.0368660191653519,2,2.22694155e-08,196.0617409676064,0.0004279819006721,6.59880119059e-05,5.22236271838e-05,-0.0002344076783629,0.000133619431314,1.78541524e-08,0.7439158713147324,365,0.0150273224043715,7.11211680027e-05,182.5,2887.2370138974475,1.0000000000000002,0.0027322404371584,1.9396684064599123,6.36676322028e-05,0,0.7047935374093994,0.0001501725911042,0.3557191554631145,0.2021857923497267,0.2824687784816875,0.4617486338797814,21.42948100523792,-1.370095763080606,0.0001010308558263,9.70381009728e-05,-9.846240579e-07,7.11620858496e-05,7.17980890233e-05,-5.421604458e-06,0.1693989071038251,41.65618878543263,1.5580368317360855,81,18,1.0282345121346654,0.000662389579035,80,0.4180327868852459,0.0001490254009892,0.3245658605531541,3.078993306e-07,0.1931981527971311,-0.2933621332926374,-8.863579061657255,0.8666803418632579,1.987077625476776,56,0.4617486338797814,0,0.4440716727663967,-0.0146576799597532,0.1497565956786561,0.2005985498919721,2.85000986e-08,0.0354189068550746,5.7530636759e-06,0.0001736455802928,2.185460249714205,0.0001735325688251,3.09100711e-08,98
Deo Candra Saputra,"Widodaren, Ngawi",0.3232328029995656,10.7844400755,4,0.0008855693232864,186.4409482457296,0.037933614,0.0295530494699453,0.029181115,0.021309028,0.0031252203119865,9.7670019984e-06,0.9784441628093103,365,0.0150273224043715,0.02960452625,182.5,89.36262997794522,0.9852410180612222,0.0027322404371584,1.9009512380150533,0.0271276331,0,0.7868748621088639,0.0048316478749999,-0.4714903664766883,0.1912568306010929,0.9042641277689786,0.3989071038251366,31.58606574329585,-0.0716945587824004,0.0025725562340395,0.0020441825835616,1.83646328767e-05,0.0023451245,0.0017136359999999,5.4568e-05,0.0,14.186328777439703,1.15428532964354,97,16,1.0340002294205652,0.0166245859999999,98,0.4043715846994535,0.0297178353009012,0.326253620160975,5.0608498417e-06,0.0793904614997316,-7.694134281029819,-1187.037097528797,0.7512796371673883,4.513453372773427,55,0.3989071038251366,0,1.6595144527299743,-0.0440256811453101,0.1341679880945449,0.5062337043178698,1.35559957575e-05,0.746126643,0.0018049289969335,0.0075791221294093,2.139069345815139,0.0073365969717214,6.15860328859e-05,0,"Widodaren, Ngawi",2.173852642e-07,0.0086315499999999,2,5.95576e-10,196.99714324127615,3.82e-05,2.36463114754e-05,2.33e-05,1.01e-05,5.8992171479e-06,3.48007e-11,0.7254776757195867,365,0.0150273224043715,2.36e-05,182.5,65789.4736842105,0.8783074075439259,0.0027322404371584,1.9696134180395013,2.2745e-05,0,0.6712758376958157,7.4499999999e-06,-0.1795438568882081,0.1994535519125683,0.773447496257259,0.4453551912568306,22.026735072206897,-2.6762876401486264,4.6497222968e-06,4.7024657534e-06,2.1369863e-08,3.7e-06,3.5999999999e-06,9.99999999e-08,0.0846994535519125,38.077071284401896,1.2059428234230842,79,13,1.029397315599313,2.81e-05,82,0.4234972677595628,2.43710650023e-05,0.214696847230993,1.54339102e-08,0.1369350470490116,-2.8374701261242343,-1.0872785034320624,0.877665370716853,2.40961662588752,58,0.4453551912568306,0,0.8424613213100278,-0.0291763380352961,0.1523160276369949,0.6423349845967976,5.87049e-11,0.0017163999999999,1.4268661574e-06,9.0183866068e-06,2.1810522450876,8.8785477695e-06,8.22153e-11,0,"Widodaren, Ngawi",2.4209783126e-06,0.0196392164999996,1,6.6328172e-09,204.82864978212763,0.00024,2.17672978142e-05,1.7e-05,-0.000177,7.83637645162e-05,6.1408795e-09,0.6726494124355091,365,0.0150273224043715,2.2675e-05,182.5,4424.778761061948,0.9805069502752845,0.0027322404371584,1.9715155576923609,1.06499999999e-05,0,0.6625801122096061,0.000105825,-0.1713117139112046,0.2103825136612022,0.1443184798931966,0.4617486338797814,8.615745908546105,-1.5374101503819015,6.18882781808e-05,6.89414958904e-05,4.65753424e-08,5.25e-05,5.34e-05,7.8e-06,0.1857923497267759,40.94070933606032,1.3328159210241062,90,15,1.0315438912929595,0.000417,90,0.4344262295081967,8.13307742695e-05,0.2502981413294387,1.230027682e-07,0.2082703625677879,-0.1483249048093869,-3.8448629791914097,0.8952556149319163,1.8683946162174216,63,0.4617486338797814,0,0.325401337295317,-0.0107683059695814,0.147906198275372,0.2279505260723067,1.0395249e-08,0.0251636459999999,3.6631693067e-06,9.79509358676e-05,2.188077038152516,9.78556061815e-05,9.7165542e-09,124
AHMAD MAULANA ISHAQ,"Kertosono, Ngajuk",0.3348938481313637,10.96441178925533,2,0.0009175173921407,186.9707582385925,0.0393774627397457,0.0300428601711039,0.029660247835896,0.0205743256956338,0.0035266225711881,1.24370667596e-05,0.7618040184128804,365,0.0150273224043715,0.0301391322476168,182.5,92.22890301463336,0.9984744065485794,0.0027322404371584,1.9146424339142751,0.0290357373654841,0,0.7255328527769024,0.0047129854016626,-0.269053963991682,0.1830601092896175,0.8843934775589299,0.4043715846994535,37.860969633312095,-0.0043722273667299,0.0028214645577859,0.0022845474976088,1.97014254709e-05,0.0023497939575463,0.0016472237184643,-0.0001535021699964,0.0,16.33355412856886,1.1663449303866529,79,21,1.0279013777389103,0.0188031370441118,79,0.3961748633879781,0.0302491407154008,0.2653636454857989,5.7996764929e-06,0.084232131533197,-6.855946367259161,-1233.3591111561348,0.7642571006222705,4.182904926433299,59,0.4043715846994535,0,1.5340110863339658,-0.0427762913223383,0.1334510959476784,0.485416597018415,1.65789755865e-05,0.833859836627242,0.0018458016266489,0.0079321928096857,2.139662963005979,0.0076890019438636,6.76101280674e-05,0,"Kertosono, Ngajuk",3.274079877e-07,0.0104058900946427,14,8.970081e-10,208.73693431890916,5.42918155588e-05,2.85005643279e-05,2.75516679193e-05,8.8970731667e-06,9.070566498e-06,8.22751e-11,0.8936980072839172,365,0.0150273224043715,2.84217266729e-05,182.5,32939.47813950987,0.9993583051330968,0.0027322404371584,1.893361802026199,2.47852330039e-05,0,0.7914215195329838,1.30656021042e-05,-0.4598309641599538,0.174863387978142,0.7462469256605341,0.4453551912568306,84.75460051916649,-2.653806966890649,7.3612640819e-06,5.2568781089e-06,2.82226586e-08,6.2790093449e-06,3.5126763577e-06,1.150027219e-07,0.0601092896174863,32.16400519592727,1.408870666097463,79,15,1.0280679954227607,4.5394742392e-05,80,0.3743169398907104,2.99091515025e-05,0.1721621033020538,3.47454621e-08,0.1325339595783262,-2.6599197500128726,-1.4048559308849882,0.6587571728390267,2.4717525528324487,58,0.4453551912568306,0,0.919416614631145,-0.0303120358126904,0.1558079190405411,0.3015132745328124,9.03668e-11,0.0019187605097732,1.9005631623e-06,1.28838329701e-05,2.1387749957436557,1.27217799302e-05,1.790103e-10,0,"Kertosono, Ngajuk",6.8316731615e-06,0.0340890484776591,2,1.87169127e-08,194.99124788871887,0.0003917091526091,6.85081119675e-05,5.44460830496e-05,-0.0002246951726192,0.0001182049586946,1.39724122e-08,0.7041879622260224,365,0.0150273224043715,7.22134465717e-05,182.5,2859.173985106707,0.9974332205323864,0.0054644808743169,1.9409652850924493,-8.9536587892e-06,0,0.7014414185003958,0.0001480158798605,-0.0302807654325749,0.1912568306010929,0.2822650336889857,0.453551912568306,28.584694545411725,-1.41020201921505,9.3266878307e-05,8.72048216454e-05,-6.096480917e-07,7.22682763605e-05,6.1165180341e-05,0.0,0.1612021857923497,33.40018686849567,1.1360460901047458,75,16,1.0267322129005043,0.0006164043252283,76,0.412568306010929,0.0001366227421235,0.3789936448902025,-2.37439897e-08,0.1918413830521061,-0.3561436237814228,-8.160244864880301,0.8787894803663241,1.9301957144911184,59,0.453551912568306,0,0.40971693132228,-0.0150077935155787,0.1481841261475606,0.2488584576541292,2.3283978e-08,0.0318297599005768,6.8167469776e-06,0.000148331158644,2.1845524588337017,0.0001481025878343,2.23298644e-08,93
Triswanti Jannatul Ma'wa,Kedungpring Lamongan,0.3261478280227359,10.82284125778822,3,0.0008935556932129,184.68141917782845,0.0390732493251562,0.0296545718615884,0.0292799999782194,0.020191341638565,0.0034235437664813,1.1720651921e-05,1.0830411536199316,365,0.0150273224043715,0.0295689215883612,182.5,93.9382806421038,0.9987166102661934,0.0027322404371584,1.8818673512278428,0.028688200097531,0,0.792938457658707,0.0047343465711244,-0.0906293176799266,0.1775956284153005,0.9060738094946782,0.4043715846994535,30.01373938362923,-0.0343244543801633,0.0027108987024621,0.0019366722171233,1.47416855986e-05,0.0022704694420099,0.0011395504698157,-7.36762515523e-05,0.0,13.225243349863002,1.4242610408703122,68,14,1.0243787874691417,0.0188819076865911,68,0.3579234972677595,0.0298515373844484,0.2956935110695471,2.6534623382e-06,0.0831975416492326,-6.997724084274399,-1214.4374472764218,0.7755527593127761,4.333641430328664,56,0.4043715846994535,0,1.597005157353781,-0.0430432665732415,0.1347369497150661,0.5736336011815173,1.79536195552e-05,0.7068853592500104,0.001773882866266,0.0080040859446314,2.1375700627454397,0.0077772038003803,6.76712548033e-05,0,Kedungpring Lamongan,3.702057856e-07,0.010905066434816,8,1.0142624e-09,194.28520946279207,5.90484996791e-05,2.98747708464e-05,2.96196720531e-05,7.3372102633e-06,1.09082209599e-05,1.189892e-10,1.0813931353383217,365,0.0150273224043715,2.95298349166e-05,182.5,29752.465485270623,0.9993583051330968,0.0027322404371584,1.85943478467924,3.06072905004e-05,0,0.8639247394959324,1.59865629805e-05,-0.458312119363343,0.1639344262295081,0.7145582797676825,0.4371584699453552,112.59543228862998,-2.6063691462318186,8.8689882003e-06,4.9330968653e-06,-3.54928338e-08,8.0459096049e-06,2.6367251848e-06,1.387891946e-07,0.0519125683060109,19.70370153615313,1.0788012416716302,53,16,1.019093910521821,5.17112894158e-05,53,0.3060109289617486,3.18039497175e-05,0.1826845020683923,1.66261066e-08,0.1214932438265485,-2.433574492752203,-1.7009826611080894,0.6511850321723337,2.867970264394869,57,0.4371584699453552,0,1.064421496835025,-0.0331610853768389,0.1474278510111083,0.3195849263805722,1.366945e-10,0.001800580355848,1.7835307177e-06,1.60444661942e-05,2.1238023546628555,1.59236094194e-05,2.814972e-10,0,Kedungpring Lamongan,9.9486124129e-06,0.0406286399187867,2,2.72564723e-08,219.4521573307628,0.0005476436926983,5.86626464558e-05,4.10804153858e-05,-0.0003685372357722,0.0001540801578371,2.3740695e-08,0.8166100247064254,365,0.0150273224043715,6.18767999185e-05,182.5,2311.1407542142547,0.9993583051330966,0.0054644808743169,1.9145774324461304,4.37441820395e-05,0,0.7580730239249087,0.0001793369385154,0.6464453884747341,0.1885245901639344,0.1945979405840565,0.4617486338797814,15.755949350924556,-1.3163277232536943,0.0001195954780015,0.0001088971603866,6.017587821e-07,9.27291541415e-05,5.58800420548e-05,-2.2055901354e-06,0.1666666666666666,30.32898596318566,1.2432620983297833,62,17,1.0223452523657828,0.0009161809284705,63,0.3688524590163934,0.0001648696488997,0.2801826842442619,1.433143982e-07,0.1924846295439829,-0.2261220023741012,-10.139336336883163,0.8740831071563349,1.9675492671122228,54,0.4617486338797814,0,0.4337029141986601,-0.0148418041740791,0.146712440261458,0.2179785895405942,4.17914405e-08,0.0397474635411112,2.9670125553e-06,0.0002121505547951,2.1753907410775395,0.0002121261099358,4.62973182e-08,86
Muhammad Isa,"Bandung, Jogoroto, Jombang",0.3252991823548903,10.7914587335,4,0.0008936790724035,188.7960577868984,0.03845658,0.029652916189041,0.029662667,0.020692801,0.0034547356012356,1.19351980744e-05,0.9323051017205536,364,0.0150684931506849,0.029417929,182.5,116.98194079590778,0.9993562486743118,0.0027397260273972,1.8927043228075848,0.03046287945,0,0.8143409489220622,0.004960994,-0.3222889680896244,0.1835616438356164,0.9095236287973384,0.3753424657534246,58.22167093738604,-0.0613845361204642,0.0027705461573503,0.001824919271978,7.641271978e-06,0.002574591,0.001197211,-0.0001432209999999,0.0,14.911135193139458,1.0023503805869751,60,15,1.0215601941229049,0.0177637789999999,60,0.2986301369863013,0.0298534861714463,0.2807723135613451,8.6546266434e-06,0.075143996315393,-7.084371526441934,-1251.7821603613395,0.7305539895329254,4.913160306912134,55,0.3753424657534246,0,1.7149686870089855,-0.0454362729216079,0.1245124914770445,0.4141656315151686,1.45185963159e-05,0.664270615,0.0018276674175588,0.0079960823233263,2.127659482958528,0.0077603057479617,6.84862232004e-05,0,"Bandung, Jogoroto, Jombang",4.313779576e-07,0.01180508658075,11,1.188369e-09,199.15550101437748,6.215173e-05,3.25268757712e-05,3.30929145e-05,4.0913765e-06,1.12741576961e-05,1.271066e-10,1.079159823121228,363,0.0151098901098901,3.26629505e-05,181.5,36026.787213257405,1.0,0.0027472527472527,1.813646942328923,3.6024570925e-05,0,0.8455191792490813,1.4643255e-05,-0.1361243450192972,0.1703296703296703,0.7263999882492352,0.4258241758241758,124.05242294827056,-2.673207311824496,8.9054132937e-06,4.5147580743e-06,1.24330578e-08,7.4794829999e-06,1.82738e-06,7.0988e-08,0.0384615384615384,19.23374231103149,0.8150948233477905,42,13,1.0150237608655512,5.80603535e-05,41,0.2362637362637362,3.44253435596e-05,0.0553639891888931,2.65748397e-08,0.1149931683984166,-2.569987404425247,-1.8507556312201976,0.6470710784704522,3.0610835404008454,57,0.4258241758241758,0,1.1290764788990333,-0.0350267189614941,0.1435708344342912,0.3049420865016063,1.483407e-10,0.001638857181,2.0091009507e-06,1.59103934611e-05,2.127769552409205,1.57613548001e-05,2.716751e-10,0,"Bandung, Jogoroto, Jombang",1.58801296821e-05,0.05399754193834,5,4.36267298e-08,204.587522378149,0.0005315757,6.56127396787e-05,4.4791876e-05,-0.0003877123,0.0001979953863113,3.9202173e-08,0.920569923802576,364,0.0150684931506849,7.07943275e-05,182.5,1819.400565152392,0.9993562486743118,0.0027397260273972,1.8457466964963336,2.59672999999e-05,0,0.8144872780079104,0.000222113792,-0.1673038514046907,0.1863013698630137,0.3070752565689558,0.4575342465753425,44.70411651202807,-1.322562134868824,0.0001536059854346,0.0001156718865909,-9.21660412e-07,0.000116748174,6.7968091e-05,-8.20804e-06,0.1534246575342465,31.357180159406813,0.8948604472982263,66,16,1.0234363180609003,0.000919288,65,0.3945205479452054,0.0002085838071585,0.1071768076332524,3.135283296e-07,0.182158018199303,-0.1803834236789132,-13.757658244375296,0.7844123807494603,1.9625418854363037,56,0.4575342465753425,0,0.4846089799256,-0.017519362013499,0.1503042733459164,0.2201571718718973,5.10243695e-08,0.0421045667191199,3.182412118e-06,0.0002642322127196,2.1552802681905328,0.0002642082783842,7.46842062e-08,78
Lailatul Hasanah,"Socah, Bangkalan",0.3013781621579866,10.391711453286293,2,0.0008302428709586,182.01369313172827,0.0377066880464553,0.0286341733239495,0.0282137358250716,0.0203304110715786,0.0028365651772048,8.0461020045e-06,0.8882676720618325,363,0.0151098901098901,0.0286912458638349,181.5,113.26742389867876,0.9993541798166418,0.0027472527472527,1.9027129440160813,0.0281497357102731,0,0.7721562589515101,0.003669182570385,0.5359804211521104,0.1785714285714285,0.893851786218467,0.4010989010989011,9.14424429372858,-0.0776141219934058,0.0022219111412319,0.0018028821505407,1.65350482045e-05,0.0017002654882768,0.0009825583547353,-5.12713566422e-05,0.0,15.899827415287342,1.1907555387495177,67,14,1.024020096737766,0.0173762769748767,67,0.3983516483516484,0.0287743285577702,0.453548085408813,7.082625674e-07,0.0813910363183553,-7.586280002195928,-1132.3989068134624,0.8481698569710573,4.432469860422753,60,0.4010989010989011,0,1.6177765623308415,-0.0437445921454872,0.1333501456452714,0.731174453672399,1.36522112583e-05,0.6544462206463022,0.0017099073034289,0.0072716176858194,2.1295552668672277,0.0070437444060355,5.65256404552e-05,0,"Socah, Bangkalan",3.831971339e-07,0.0110364860506959,4,1.0556394e-09,176.8972895370328,6.10070370991e-05,3.03790299756e-05,3.03068424256e-05,-1.061653279e-06,1.13953462693e-05,1.298539e-10,1.211235207265798,363,0.0151098901098901,3.07783466269e-05,181.5,33709.07533973663,0.998464598840753,0.0027472527472527,1.8021439401669463,2.68692573911e-05,0,0.8354386862743806,1.38120151405e-05,0.2601134610645301,0.1703296703296703,0.7067562755485571,0.4203296703296703,37.82324473596295,-2.58208845047728,8.7639081517e-06,5.172887012e-06,5.02304294e-08,6.9288794966e-06,2.7331246504e-06,-2.656979631e-07,0.0549450549450549,10.11346770031386,1.0816064053522827,48,15,1.0174756051457308,6.20686903782e-05,48,0.2335164835164835,3.24459454918e-05,-0.0187508813280642,-9.1369408e-09,0.1168890516850561,-2.19608948579916,-1.9207409244384264,0.7658987096582501,3.120874437045925,57,0.4203296703296703,0,1.1439309494760512,-0.0345348433261864,0.1393215176153707,0.6189869364689433,2.279938e-10,0.0018777579853879,1.4456513409e-06,1.96781191797e-05,2.135497457116598,1.96122765307e-05,4.163696e-10,4,"Socah, Bangkalan",1.04166625558e-05,0.0402332070851584,2,2.869604e-08,183.52524385406176,0.0005016186041757,4.69833928619e-05,6.00922215501e-05,-0.0004232594825831,0.0001625108169291,2.64097656e-08,0.9199346718060252,363,0.0151098901098901,4.41083617867e-05,181.5,3636.4851746383,1.0,0.0027472527472527,1.9521122745963508,8.54234651342e-05,0,0.7616035094190403,0.0001712806741427,0.6240944659505674,0.195054945054945,0.1525328745704009,0.4697802197802198,12.917671100367851,-1.251616996904931,0.0001223303705855,0.0001214657804056,5.291525695e-07,9.32974629298e-05,7.22779906128e-05,4.9753361963e-06,0.1813186813186813,32.06632653739036,1.2966661479401154,69,14,1.0245301001269174,0.0009248780867588,69,0.4505494505494506,0.000169166204733,-0.0319281193015427,5.85746735e-08,0.2068677807776844,-0.1588044570058019,-8.13559416291512,0.8929232063010067,1.815004013527238,59,0.4697802197802198,0,0.3518640035509025,-0.0111903975744282,0.1519493124890212,0.2201237191577576,4.87500993e-08,0.0440920782872646,1.7583335444e-06,0.0002378629389908,2.171349412168581,0.0002378537337755,5.8846291e-08,105
Mohammad Aziz Huzaini,"Tanah Merah, Bangkalan",0.2911109737442371,10.255066326612376,2,0.000797564311628,181.11677133486293,0.0343732684850692,0.0280990375663335,0.0280836299837876,0.0224391520023345,0.0024143864666528,5.8292620103e-06,1.085733826613722,365,0.0150273224043715,0.0280069651392598,182.5,174.16078234380478,0.9993583051330966,0.0027322404371584,1.9372893615285276,0.0278095044195651,0,0.7157033257766964,0.0031511091970299,-0.3396284546523271,0.1885245901639344,0.9235144359872968,0.3770491803278688,30.985685822348664,-0.12111595549797,0.0019152653106782,0.0014443602945933,6.9680483373e-06,0.0016236808845414,0.0007952795851797,0.0001066207575301,0.0,11.130850492416023,1.0839785018733252,60,17,1.021493424787648,0.0119341164827346,60,0.3469945355191257,0.0282025738925471,0.1798737939642135,-1.875167206e-06,0.0719954432700328,-9.220949840300635,-1095.8222724316345,0.8037643595141516,4.968197997786553,54,0.3770491803278688,0,1.7610347989124735,-0.0459339608200949,0.1256439299116296,0.6728128269633757,9.5594772636e-06,0.5271915075265698,0.0016717659905641,0.006980701233364,2.1388303985097226,0.0067542125685326,5.22388662476e-05,0,"Tanah Merah, Bangkalan",2.608034937e-07,0.0092583773294734,4,7.145301e-10,170.2561537841169,4.69006008643e-05,2.5353223787e-05,2.57128589914e-05,3.6164293154e-06,8.3541543744e-06,6.97918e-11,1.1467483141124537,365,0.0150273224043715,2.49762028943e-05,182.5,52791.11552971393,0.9967915256654832,0.0027322404371584,1.847038694308847,2.74227236673e-05,0,0.8230995721750741,1.1087102028e-05,-0.1559504186529481,0.1639344262295081,0.7371127955816829,0.4262295081967213,55.9711305269669,-2.721973952218802,6.5133942648e-06,3.9370202589e-06,3.16504488e-08,5.4114297748e-06,2.0533870055e-06,-1.386291842e-07,0.0573770491803278,20.29761548451965,1.0442484090569626,52,12,1.018921695562343,4.32841715489e-05,52,0.2978142076502732,2.66941538863e-05,-0.0386680881100352,-1.66943066e-08,0.1225974055335405,-2.420345284668918,-1.443360481361679,0.7396645841385409,2.787968354017552,54,0.4262295081967213,0,1.0263166166592654,-0.0328761571619676,0.1452864234595577,0.3629398632818488,9.6363e-11,0.0014370123945279,1.1108159673e-06,1.23625075944e-05,2.1405196596564124,1.23018193839e-05,1.62559e-10,0,"Tanah Merah, Bangkalan",9.5039992097e-06,0.0509296081690941,3,2.60383539e-08,196.3534958710068,0.0003643565117575,0.0001394220849044,0.0001267632188564,1.0794246918e-06,8.08003291861e-05,6.5286931e-09,1.2070287744951065,365,0.0150273224043715,0.0001365046920302,182.5,3723.179892324915,0.9950237284964484,0.0027322404371584,1.865623532770344,5.55709877516e-05,0,0.8289136449362443,0.000121091505409,-0.4888426927359148,0.1612021857923497,0.5467836116255533,0.4426229508196721,16.857440506734832,-1.642715589668027,6.72781346286e-05,3.78136002833e-05,6.59254547e-08,6.14071159361e-05,2.16197891858e-05,-3.1056081449e-06,0.0846994535519125,8.987571864045314,1.076028571313263,43,15,1.0154539419144364,0.0003632770870656,42,0.3333333333333333,0.0001611434483796,0.5346931082229509,8.59537665e-08,0.1379889166957545,-1.3149732183307783,-11.055151240675391,0.8092504298430678,2.780851032056449,59,0.4426229508196721,0,0.9646243017777482,-0.0289043876540685,0.1427195747163957,0.5590839997207594,1.14212444e-08,0.0138019641034237,7.3481081618e-06,0.0001462954652593,2.134210906881373,0.0001460438860138,2.31805065e-08,0
Laila Maghfiroh,"Kamal, Bangkalan",0.3085334539837999,10.54151050839571,2,0.0008452971342021,183.15936537636213,0.0373450219631195,0.0288883943919885,0.0287097847917012,0.0207101451233029,0.0029065871126862,8.4482486436e-06,0.8308063024830284,365,0.0150273224043715,0.0288125840015709,182.5,121.22674291682397,0.9993583051330968,0.0027322404371584,1.899516838240736,0.0281958397012203,0,0.7385349524838271,0.0039102333996977,-0.0641122196459029,0.1939890710382513,0.9027236391113322,0.4153005464480874,21.956628748876508,-0.0621989301790166,0.0023394576951459,0.0019188762782779,2.24230020013e-05,0.0019628450377948,0.0011588651686906,-0.0001398793732125,0.0,18.267665257711016,1.2367623298358543,64,15,1.0228550659105913,0.0166348768398166,64,0.3688524590163934,0.02903424838343,0.1837862984435745,7.724857911e-07,0.0865739508849274,-7.315944938938708,-1138.4139903607586,0.8536067144038612,4.093925743325054,62,0.4153005464480874,0,1.5266093559272396,-0.0421719863521386,0.1376567444070942,0.7513822714562761,1.38981547989e-05,0.7003898415714502,0.0016433018585457,0.0069990269707912,2.1432766725832395,0.006777157055986,5.14360695566e-05,0,"Kamal, Bangkalan",7.363589324e-07,0.0150590221916786,11,2.0174217e-09,166.0395621024865,8.56776932778e-05,4.11746492612e-05,4.10128081966e-05,-6.819736881e-07,1.7792074351e-05,3.165579e-10,1.028646184239953,365,0.0150273224043715,4.09307527115e-05,182.5,16712.021368301088,0.9993583051330968,0.0027322404371584,1.789051254314573,3.81798764465e-05,0,0.855373663971675,2.92624268199e-05,-0.725902718710568,0.1530054644808743,0.7123329890242857,0.4262295081967213,60.336670764096745,-2.482761413230892,1.49529082957e-05,7.519016396e-06,1.81444554e-08,1.47980149449e-05,4.7301136874e-06,3.434856807e-07,0.0491803278688524,21.48711385883132,1.1152265141685604,58,17,1.0209810373074868,8.6359666966e-05,59,0.1994535519125683,4.48543158625e-05,0.1306029354054684,-3.23319761e-08,0.1190696134844327,-2.013652086346846,-2.7108717515299867,0.6618586295443175,2.9473029140692977,56,0.4262295081967213,0,1.096591513412509,-0.0337865016202333,0.1441134609467319,0.2826330861103235,4.347435e-10,0.0027444409845429,1.4334854432e-06,2.34971941618e-05,2.1310370572888937,2.34435129501e-05,6.029032e-10,2,"Kamal, Bangkalan",1.6177958633e-05,0.050067364021961,1,4.43231743e-08,217.92423012882097,0.0006711591267958,4.8744972206e-05,3.40231954809e-05,-0.0005179217550903,0.000204514059303,4.18260004e-08,0.7558182412294153,365,0.0150273224043715,4.2730006501e-05,182.5,1857.2675188433088,0.9993583051330968,0.0027322404371584,1.9527188847344263,1.71646417584e-05,0,0.713345187275837,0.0002562974560532,0.5033594720200925,0.1994535519125683,0.1594555311539993,0.4672131147540984,15.794107610022053,-1.166473645464168,0.0001585808347609,0.0001562931795726,5.074580557e-07,0.000128279404676,8.31894617476e-05,-1.55339866978e-05,0.1994535519125683,41.28382102248796,1.1539154493497723,70,20,1.025053267749791,0.0011890808818861,71,0.4016393442622951,0.0002102428899344,0.3299454317728101,4.066463841e-07,0.2126995873405507,-0.1192347515527339,-8.785972151572997,0.8730946056619815,1.8402572709914509,62,0.4672131147540984,0,0.2688567932769924,-0.0096253473795711,0.1484730670094229,0.2233430453271105,7.07829941e-08,0.0570470105440013,6.5679068151e-06,0.0002516211885482,2.184756678309803,0.0002514934983548,6.44995828e-08,112
Muhammad izzul Millah Aqil,"Wonokromo, Surabaya",0.3196349684791379,10.666838410124168,3,0.0008805371032483,180.9206188405799,0.0397442243993282,0.0293878541849962,0.0291701676324009,0.0201919209212064,0.0038042176165087,1.44720716737e-05,1.0172715326768984,363,0.0151098901098901,0.0294005619361996,181.5,88.34243111664938,1.0,0.0027472527472527,1.8851370795112747,0.0289904574863612,0,0.7671548382426017,0.0052634307648987,-0.1772150489570787,0.1895604395604395,0.8855492507497096,0.3956043956043956,18.50967550417438,0.0415033501807624,0.0030347917672105,0.00226866082178,3.26346000528e-05,0.0025464094413275,0.0014114910736679,-3.51931899786e-05,0.0,9.862811461796548,1.176364751811234,63,16,1.022313149982511,0.0195523034781217,62,0.3351648351648352,0.0296330566306001,0.1659433110183713,-5.033033863e-07,0.0871561471774303,-5.876429195259994,-1261.643198673631,0.8358528706047853,4.161981261901476,56,0.3956043956043956,0,1.5150722746619507,-0.0422488684443445,0.1323944142453439,0.682404605022312,2.48911968307e-05,0.8235238783061507,0.0017427600972352,0.0086600968704853,2.129852013626836,0.0084572012538824,8.01850604052e-05,0,"Wonokromo, Surabaya",6.164625156e-07,0.0143595129234199,3,1.7029351e-09,176.8688376601975,7.31048567104e-05,3.9620193219e-05,4.09333770221e-05,6.298369044e-06,1.13350842137e-05,1.284841e-10,0.9159624139201196,362,0.0151515151515151,3.97126172434e-05,181.0,38197.50906138373,1.0,0.0027548209366391,1.8247730287682091,4.30419372605e-05,0,0.8454447455650074,1.56328996366e-05,0.1149576954182669,0.1707988980716253,0.7650508595563704,0.4352617079889807,22.77502384472864,-2.5803804706276647,9.0568450217e-06,6.043002006e-06,-2.71414072e-08,7.6239011832e-06,2.7728810891e-06,-3.109643704e-07,0.0578512396694214,21.051041619302666,0.7385136287963241,56,13,1.0201407829026838,6.68064876663e-05,56,0.3691460055096418,4.12097542439e-05,-0.1838448088425193,-8.7264022e-09,0.1235841344705982,-2.669547196959305,-2.059124641807334,0.811484230858871,2.7228352219727783,58,0.4352617079889807,0,1.0097139119211742,-0.0329778660854372,0.1473887907640484,0.5804428197809813,2.291877e-10,0.0021875667262065,1.9056432754e-06,1.8054311827e-05,2.132420755705496,1.79323106106e-05,3.472509e-10,0,"Wonokromo, Surabaya",1.47061797415e-05,0.0483512884382469,2,4.21380508e-08,195.53663102317225,0.0005464484565891,1.50812356447e-05,1.99571687677e-05,-0.0005022253608331,0.0002044265460642,4.17902127e-08,0.8483514377234677,349,0.0157142857142857,1.78453701664e-05,175.0,2030.1709350078147,1.0,0.0028571428571428,1.8842731782402968,7.45452387491e-05,0,0.8068332664381396,0.000254741772106,0.1472221771689534,0.1942857142857142,0.1579070972003489,0.4685714285714286,32.40179398047721,-1.248012590749755,0.0001591631943799,0.0001381771400273,3.419852894e-07,0.0001262762437233,6.43162820779e-05,5.0948798334e-06,0.18,34.0768212894503,0.8673447207040177,61,16,1.022968933970141,0.0010486738174222,62,0.4428571428571428,0.0002049820880084,-0.0576696569695399,1.629718319e-07,0.2035585750661217,0.004120509821099,-9.481685118533694,0.8717270494005646,1.8856448768043916,58,0.4685714285714286,0,0.3895317626291018,-0.0125227262918778,0.1499853551079082,0.1667484750969901,7.8512178e-08,0.0482238218695556,7.0332408114e-06,0.000281916338341,2.168242188491157,0.0002818017855525,8.26265396e-08,96
Fathul Aziz Saifuddin,"Dukun, Gresik",0.3129504670190115,10.588419984167908,3,0.000859754030272,182.4022542110738,0.0385938324034214,0.0290907329798778,0.0288330796174704,0.0203225445002317,0.0033358348987266,1.11277944715e-05,0.9171935068941826,364,0.0150684931506849,0.0289306754246353,182.5,99.39830246823809,0.9993562486743118,0.0027397260273972,1.85241861369584,0.028544624056667,0,0.8025620855603253,0.0048754549800201,-0.1748172425968048,0.1753424657534246,0.906713738908902,0.421917808219178,21.052426477351915,-0.0927238068994005,0.0027112828356588,0.0019001441326679,1.31452586604e-05,0.0024208710528909,0.0011217197170481,-0.0001888557647664,0.0,17.49790214954187,1.238980582824318,72,16,1.0256369946301591,0.0182712879031897,72,0.4164383561643835,0.0292813684751603,0.3041840820312965,5.668753516e-07,0.0812093109173816,-7.002414854547032,-1192.3203872212057,0.777051467163839,4.493689965443611,57,0.421917808219178,0,1.645520084925576,-0.0438540050618217,0.1339527656884103,0.5344419716059292,1.71177968672e-05,0.6916524642911277,0.0017795351297802,0.00772270392425,2.1209195961407605,0.007492360169283,6.44507619973e-05,0,"Dukun, Gresik",3.581218897e-07,0.010689500649963,3,9.838513e-10,202.8557588858924,6.27161702292e-05,2.93629681081e-05,2.78335091934e-05,2.818551593e-06,1.09074271148e-05,1.189719e-10,0.8995560307163807,364,0.0150684931506849,2.93661939849e-05,182.5,31125.376776231387,0.9993562486743118,0.0027397260273972,1.9045934120621768,2.37827181157e-05,0,0.8213340330467144,1.45481139952e-05,-0.0635190563344307,0.1808219178082191,0.6708977403101039,0.421917808219178,70.72292834670895,-2.539829786483313,8.6828719457e-06,5.5046332361e-06,-6.63042001e-08,7.0038806067e-06,3.5530206837e-06,-4.189348601e-07,0.0684931506849315,13.820322269277682,1.2365758870763155,55,15,1.019843266198463,5.98976186362e-05,55,0.2767123287671233,3.13234075794e-05,0.5509034685792252,2.77478542e-08,0.123725527039252,-2.2355681490662627,-1.730829852524621,0.7124186197252577,2.9921507649444656,57,0.421917808219178,0,1.0344442726583685,-0.0327627349952528,0.1399430819815997,0.3443018147084605,1.612152e-10,0.0020036864979592,2.2070891167e-06,1.73378893642e-05,2.1508864093964637,1.71692109514e-05,3.160192e-10,0,"Dukun, Gresik",8.4473157293e-06,0.0388111939606214,2,2.32069113e-08,206.20672244932865,0.0004192463602521,4.16324067606e-05,4.53749280495e-05,-0.0003329507150435,0.000146321814753,2.14100734e-08,0.8231956155336105,364,0.0150684931506849,3.47414605054e-05,182.5,3123.5028673510565,0.9993562486743118,0.0027397260273972,1.9223167662221128,8.0757676369e-05,0,0.7610819722693298,0.0001766666555339,0.0813647501204468,0.1972602739726027,0.2254560854125721,0.452054794520548,22.360043246865573,-1.3382953967353723,0.000112759641939,9.92441932819e-05,1.878333333e-07,8.87579890331e-05,7.78454104874e-05,1.04370877807e-05,0.1616438356164383,32.37261893755056,1.2196477593142114,70,15,1.02513072007774,0.0007521970752956,71,0.3780821917808219,0.0001521293225032,0.0210886345225508,3.176759264e-07,0.1838971851634954,-0.1506660698353495,-10.209664301706429,0.8340209418781463,2.1330640701035253,62,0.452054794520548,0,0.5091086711430659,-0.0170656628781992,0.1421187701348884,0.2699196638700877,3.61393043e-08,0.0361248863546201,3.4681536241e-06,0.0002062030936891,2.167156744988374,0.0002061630287771,4.4474523e-08,94
M. Fatihul Umam,"Kwanyar, Bangkalan",0.2959850866028207,10.31648439819724,3,0.0008131458423154,180.3546692298341,0.0353886224329471,0.0283434926595688,0.0283570569008588,0.0216007824055849,0.0027503580392649,7.5644693441e-06,0.9559052568848,364,0.0150684931506849,0.0282652620226144,182.5,144.9862716028151,0.9993562486743118,0.0027397260273972,1.8514424710013175,0.0291840944206341,0,0.7966835031047815,0.003584308666177,0.0821238606650673,0.1726027397260274,0.9457973995064752,0.3917808219178082,29.19150170949679,-0.1997367415099324,0.0021598279020846,0.0013476982847962,2.86915564684e-05,0.0017796189834674,0.0005723545327782,-2.38433988256e-05,0.0,10.121191337787543,0.8481070475165012,50,16,1.0182886219781857,0.0137878400273622,51,0.2328767123287671,0.0284766227893544,0.2491029267301245,-2.2150330093e-06,0.0720570506646318,-8.153516596870917,-1148.1563764765588,0.7981161479136735,5.362381114703725,50,0.3917808219178082,0,1.8519078141783287,-0.0462415691360045,0.1268857535988425,0.5931237105187706,1.17450232056e-05,0.4905621756658408,0.0016081649674932,0.0067002627529358,2.122624094995534,0.0064798723349001,4.76403518561e-05,0,"Kwanyar, Bangkalan",3.561887353e-07,0.0101388250731133,13,9.785404e-10,173.03878573702173,6.52085812665e-05,2.78265690521e-05,2.62664672542e-05,-2.8471797577e-06,1.41965349144e-05,2.015416e-10,1.0730706318976109,364,0.0150684931506849,2.89332574539e-05,182.5,20724.83110804484,1.0000000000000002,0.0027397260273972,1.7858371783496978,2.09723366007e-05,0,0.8547101154800024,2.05813199392e-05,-0.5853691203036742,0.1616438356164383,0.6724273170625414,0.4493150684931506,81.8028437978365,-2.585730410832191,1.17135133116e-05,6.067764975e-06,3.93212763e-08,9.7388927618e-06,3.6671003726e-06,-2.596225385e-07,0.0575342465753424,17.77195955519766,0.9416758977777192,57,16,1.0203594922114798,6.80557610242e-05,57,0.2054794520547945,3.12387507559e-05,0.3673327370326514,-9.612672e-09,0.1284181788123733,-1.7138798827352877,-1.881652131299068,0.6512081931744966,2.7038938322872355,55,0.4493150684931506,0,1.0321169073495997,-0.031538555778672,0.1530899921413428,0.2628194584504341,2.946177e-10,0.0022086664509212,1.0685550963e-06,1.83933647822e-05,2.126274175188151,1.83551208765e-05,3.696059e-10,6,"Kwanyar, Bangkalan",1.89232385571e-05,0.0581756656589543,2,5.19869191e-08,201.28742152585693,0.0006366936140693,3.25028475952e-05,3.62682912964e-05,-0.0005919724353589,0.0002253620511441,5.0788054e-08,0.9288288127953924,364,0.0150684931506849,2.24836840061e-05,182.5,1691.7807412822842,1.0000000000000002,0.0054794520547945,1.8805824051947024,8.37938918266e-05,0,0.8242332694546476,0.0003138247746391,-0.1399968120390018,0.1890410958904109,0.1649177302898597,0.4547945205479452,27.385848260944847,-1.184321558041575,0.0001820750606384,0.0001511909243282,-1.1311670197e-06,0.0001610039616934,8.24746257421e-05,-4.3418913264e-06,0.1671232876712328,28.275145149684004,1.3274828860823469,66,17,1.0232662962752737,0.0012286660494282,65,0.3671232876712328,0.0002276938497142,-0.0201220543951325,1.166262802e-07,0.1932827428967476,-0.0510483315075237,-13.906635280211225,0.8669201229986357,1.9188391899867567,53,0.4547945205479452,0,0.4056985330315923,-0.0146172381348852,0.1462540143029526,0.154004909665079,8.34224139e-08,0.0550334964554807,1.1017954598e-06,0.0003278908603896,2.154088204636775,0.000327888308366,1.141906357e-07,103
Rahardian Ananta,"jabon , Sidoarjo",0.3168454733376838,10.650071452915032,2,0.0008680697899662,185.0403210267541,0.0395714454352855,0.0291864863469202,0.0290986016237487,0.0197092676535248,0.0037211596720478,1.38470293048e-05,1.1058488726339282,365,0.0150273224043715,0.029034371022135,182.5,104.4343620700198,0.997832711681676,0.0027322404371584,1.90027432397557,0.0286472476553171,0,0.7650821483222174,0.0046011385275051,0.0595298925970788,0.1830601092896175,0.8751514696197832,0.3907103825136612,29.732691337169683,0.0429826945329092,0.0029132103957585,0.002189950965617,2.07573685744e-05,0.002358480511854,0.0015457961708306,0.0001096872923274,0.0,14.289887265766849,1.4883118858466222,59,14,1.021322736901369,0.0198621777817607,59,0.3497267759562841,0.0294227465506508,0.1397085344032204,3.0232289379e-06,0.0839515465048982,-6.170397287378608,-1261.6347269898647,0.8057625300663089,4.327783385612707,61,0.3907103825136612,0,1.5506259499741857,-0.0428486961075491,0.1285491170452111,0.6164401009927777,2.23231094808e-05,0.7993321024502322,0.001735656416411,0.0085987567750686,2.133406286141951,0.0083977205693738,7.87814680903e-05,0,"jabon , Sidoarjo",4.139318519e-07,0.0116634087999251,2,1.1340598e-09,183.30640681642544,5.8643061493e-05,3.19197263098e-05,3.28378796117e-05,-1.2541297564e-06,1.05873706125e-05,1.120924e-10,0.8449181963279194,365,0.0150273224043715,3.15493853122e-05,182.5,38673.00161935986,0.9993583051330968,0.0027322404371584,1.899645657716493,3.16893254307e-05,0,0.7695769269526059,1.45804383464e-05,0.112792873367848,0.1830601092896175,0.7422105833687768,0.448087431693989,29.687297063261195,-2.5133394730026195,8.4490347056e-06,7.216865077e-06,4.19874793e-08,7.130055792e-06,4.8310205329e-06,1.545757868e-07,0.081967213114754,30.17611507097968,1.2249303083572605,78,18,1.0275678387985865,5.98971912495e-05,78,0.3852459016393442,3.36297687202e-05,-0.2386270384520077,6.425338e-10,0.1407323451021666,-2.165943203692465,-1.6968623600987072,0.8481251527253304,2.3785053796402664,58,0.448087431693989,0,0.8346582280598865,-0.0281964477268674,0.1533209885031811,0.5498374915182203,1.821784e-10,0.0026341557531149,1.3904696757e-06,1.45721339526e-05,2.164463682476992,1.44848383922e-05,2.188306e-10,4,"jabon , Sidoarjo",2.14588040465e-05,0.0626345966855713,2,5.87912439e-08,214.8524389445359,0.0007224553555715,0.0001457911090219,0.0001364572238647,-0.0003625387034844,0.0001933276097175,3.73755646e-08,0.8361518856312197,365,0.0150273224043715,0.0001455073597753,182.5,2352.4080038848488,0.9993583051330968,0.0027322404371584,1.9355833781980247,0.0001257086230907,0,0.7360075774338042,0.0002187672153866,0.4762540843025542,0.1967213114754098,0.3365036237521564,0.4699453551912568,16.36985109813418,-1.1980793284741835,0.0001463569661557,0.0001497107843638,1.0788410329e-06,0.0001102344910653,0.0001059500737028,5.8702225942e-06,0.1612021857923497,41.76835651784206,1.1244865366793648,74,12,1.026229611133446,0.001084994059056,74,0.4426229508196721,0.0002421375892936,0.3050522061817029,3.242924651e-07,0.1936377893201014,-0.4848784475449144,-13.294472139271615,0.8852402873099185,1.9880004555950943,54,0.4699453551912568,0,0.455526583090517,-0.0145442320391371,0.1522016540549583,0.3209514396876539,6.22307899e-08,0.0546444362928231,7.9774044655e-06,0.0002424180718844,2.1817154911797623,0.0002422167658253,5.96965799e-08,83
Alifah Sayyidaturrhohma,"Kota Sumenep, Sumenep",0.2843796109318964,10.110612344928064,4,0.0007812626673953,179.84032332464253,0.0349349603056907,0.0277827073398925,0.0276816366240381,0.0198397375643253,0.0026913555315308,7.2433945971e-06,1.007746003562795,364,0.0150684931506849,0.0276562389917671,182.5,156.15641618332242,1.0000000000000002,0.0027397260273972,1.8423902595240325,0.0281421100720762,0,0.8351029070270857,0.0033608078956605,-0.1692748774407304,0.1726027397260274,0.925239083502071,0.3753424657534246,50.77741539152298,-0.1818402071959268,0.0021217936824362,0.001347451005131,2.39595269354e-05,0.0017001507803797,0.000811643898487,-7.87600874901e-05,0.0,5.973491830632156,1.2364535885766137,62,15,1.021902274772274,0.0150952227413654,61,0.3123287671232876,0.0279127609120134,0.1433557854548388,-2.8013836519e-06,0.0668310252450415,-8.45829392786256,-1141.0675826404804,0.785150859351143,5.890533271009113,59,0.3753424657534246,0,1.971492346125589,-0.0476048903482517,0.1221126465743432,0.6165403900105586,1.13427847417e-05,0.4904721658676861,0.0015854038549028,0.0070554155957221,2.1146378385884934,0.0068539525129247,5.37331901677e-05,0,"Kota Sumenep, Sumenep",1.150017772e-07,0.0055687860851634,11,3.150733e-10,177.783258843548,3.43201427313e-05,1.51474571414e-05,1.47709318601e-05,-7.2132024797e-06,9.2069022129e-06,8.4767e-11,0.9827857126426084,365,0.0150273224043715,1.51087748842e-05,182.5,40661.57016629832,1.0000000000000002,0.0054644808743169,1.7757073543577926,1.56301373863e-05,0,0.8299361336183073,1.14996253159e-05,-0.4026413366276951,0.1775956284153005,0.6130546079327138,0.4316939890710382,65.03364015719688,-2.743581217717553,7.2846080329e-06,4.3262775972e-06,6.59039346e-08,5.8190263795e-06,2.1402401426e-06,-6.948506688e-07,0.081967213114754,29.136166233743992,0.8712805085411157,58,14,1.0204676756233495,4.1533345211e-05,57,0.2349726775956284,1.77260403421e-05,0.0884727873880114,3.078121e-10,0.1408850512880822,-1.3202866566219948,-1.1381620640584365,0.7279517632767845,2.293024156256879,59,0.4316939890710382,0,0.8115397424226442,-0.0281570419942857,0.1506662312097182,0.3675371737188283,1.238716e-10,0.0015790913229807,6.457759293e-07,1.2516395261e-05,2.1163171393469544,1.2497274802e-05,1.761e-10,26,"Kota Sumenep, Sumenep",7.1244880958e-06,0.0349843127610907,2,1.95727694e-08,183.41131025537783,0.000427010905696,6.786551607e-07,-3.5200690035e-06,-0.0003431156801525,0.000139709287076,1.95186848e-08,0.8254316861429563,364,0.0150684931506849,-8.680726751e-07,182.5,2750.4493348075484,1.0000000000000002,0.0027397260273972,1.8767407291039675,3.4412834793e-06,0,0.7925498975483839,0.0001817089219305,-0.1023476602422102,0.1945205479452054,0.2214426870183595,0.4657534246575343,23.02073981142535,-1.4016742670461102,0.0001104896897444,9.38857769227e-05,3.794887231e-07,9.14629786469e-05,4.27347809558e-05,-8.6800271674e-06,0.1863013698630137,34.92776715881771,1.1467769495065343,66,13,1.0234363180609003,0.0007701265858485,66,0.3890410958904109,0.0001397109353921,0.0963008584927588,1.529740173e-07,0.2052813246119873,0.0512734866008993,-6.652323964601152,0.8509244538338283,1.8248159326171596,55,0.4657534246575343,0,0.3347753111072012,-0.0114871498448536,0.1497925715703082,0.1782835159802626,3.70972265e-08,0.0341744227998711,8.329410691e-07,0.0001885069957873,2.1624791587256453,0.0001885049869973,3.73035915e-08,106
Muhammad Ali Murtadho,Baron Nganjuk,0.3376794241179837,11.016250945488522,10,0.0009251491071725,186.7773797297089,0.038848145554463,0.0301864021329526,0.0300952941179274,0.0218767039477825,0.0033767593398419,1.14025036392e-05,0.7913557725828686,365,0.0150273224043715,0.0299766845225045,182.5,117.68021270046602,0.997832711681676,0.0027322404371584,1.8915310367220977,0.0312109968314567,0,0.741490152141208,0.0044884336885944,-0.3165308408192473,0.180327868852459,0.8972981560762786,0.3743169398907104,60.66992095958264,-0.0737117750998818,0.0027146124138749,0.0019153978980064,2.07712587473e-05,0.0022496615915938,0.0013260508163107,-8.2877804598e-06,0.0,13.56195502117142,1.048205643329894,69,18,1.0247162362808873,0.0169714416066804,69,0.3387978142076502,0.0303746831649572,0.2309819662345161,5.5688040773e-06,0.0746161880569751,-7.757082731592501,-1241.1517427331298,0.6887983979911486,4.832210816035115,57,0.3743169398907104,0,1.7008376295202083,-0.0452576793216078,0.125912368716618,0.407332901115807,1.3915522591e-05,0.699120232772337,0.0018720032063295,0.0078673018941523,2.130717662472464,0.0076180259704424,6.7040056856e-05,0,Baron Nganjuk,3.327523589e-07,0.010369545,17,9.116502e-10,203.67139246492795,5.51e-05,2.84003961748e-05,2.8125e-05,5.12e-06,1.01280278367e-05,1.025769e-10,1.0111873717963482,365,0.0150273224043715,2.84e-05,182.5,34722.222222222226,0.9278503357686024,0.0027322404371584,1.840221776533581,2.7611e-05,0,0.8030928883290134,1.44999999999e-05,-0.4153972696574031,0.1721311475409836,0.7482000167589987,0.4344262295081967,122.0040479667109,-2.695205876984811,8.2249789483e-06,4.5636712328e-06,1.20547945e-08,7.1083333333e-06,2.5e-06,3.999999999e-07,0.040983606557377,24.36702200874977,1.283578783422216,67,16,1.0240409199302392,4.998e-05,68,0.3224043715846995,3.01522710712e-05,0.1027762045537706,2.85330786e-08,0.1200961779369639,-2.5271552246904143,-1.5898224673574453,0.6218784399985978,2.7172292481649336,61,0.4344262295081967,0,1.054667370934429,-0.0335215973267246,0.1503840144315744,0.2641218545859077,1.212041e-10,0.00166574,1.8356028364e-06,1.42750247139e-05,2.123943337276369,1.41399527067e-05,2.245286e-10,0,Baron Nganjuk,8.9794659848e-06,0.0385608673333326,2,2.46012766e-08,182.9778638300843,0.000417635,7.23644827413e-05,4.86166666666e-05,-0.000283754,0.0001389152320856,1.92974417e-08,0.8872548995897878,365,0.0150273224043715,7.40145e-05,182.5,2209.873123817718,0.9946242373471592,0.0027322404371584,1.9253324731598664,3.18710499999e-05,0,0.747387298714083,0.0001788985,-0.1480348785914502,0.1939890710382513,0.2578578293949241,0.4508196721311475,30.600468752021698,-1.3718210684380827,0.0001105740253421,9.07085945205e-05,-1.3514027397e-06,8.5129e-05,5.1e-05,-1.41e-06,0.1557377049180328,28.39776612640757,1.0014732015553434,73,19,1.025894029566716,0.000701389,73,0.4098360655737705,0.0001566335215329,0.3899757743138745,2.86438434e-08,0.1835318870526227,-0.3177817420817032,-10.634964476587587,0.8614126631277217,2.0536399704108974,61,0.4508196721311475,0,0.5054126183454482,-0.0171520535878308,0.145813574145254,0.2038332759230349,3.13893752e-08,0.0331086369999999,9.0009622147e-06,0.0001916238555691,2.175885758242304,0.0001913565141092,3.77542329e-08,89
Fahdimas akmal,"Kwanyar, Bangkalan",0.2939204195231448,10.303410614079787,2,0.000805261423351,182.9215608403074,0.0361140679035867,0.0282297071914216,0.0279896277468651,0.02282948885113,0.0024788883424466,6.1448874143e-06,0.9473223627486652,365,0.0150273224043715,0.0280993613480988,182.5,133.05449516267208,0.9993583051330968,0.0054644808743169,1.9210516492805665,0.0274790915194898,0,0.7350103485897873,0.0034588953359179,0.1812775683201382,0.1939890710382513,0.9203628622567624,0.3961748633879781,11.438265926598223,-0.1079345364877927,0.0019862729096717,0.0016718156731238,2.0570065571e-05,0.0017402291155627,0.0010697036393379,7.69340805709e-05,0.0,11.534863527720892,1.462009080680693,72,17,1.025726084160307,0.0132845790524567,73,0.3688524590163934,0.0283383354403133,0.5709330761342528,5.357340015e-07,0.0783474300162935,-8.489696563990956,-1097.232440229427,0.8424033352864378,4.702546952430333,62,0.3961748633879781,0,1.6858930718552756,-0.0442948347455017,0.1320597552356286,0.7435746618826788,1.01168236539e-05,0.6102127206902106,0.0016666867712782,0.0069140828939612,2.138718370579753,0.0066866004282903,5.1069128773e-05,0,"Kwanyar, Bangkalan",2.92826318e-07,0.0095667407179666,6,8.022638e-10,169.327184423018,4.9087077059e-05,2.61668403166e-05,2.49040152198e-05,5.150708564e-07,1.07409671435e-05,1.153683e-10,1.0238924053171847,365,0.0150273224043715,2.66639559812e-05,182.5,28124.06892669585,0.9993583051330968,0.0027322404371584,1.8107388936690687,1.75152730273e-05,0,0.8496461878793942,1.53321709817e-05,-0.711505433328044,0.1721311475409836,0.7382856875633882,0.4207650273224044,66.47486786680128,-2.648832193633948,8.8805515967e-06,4.9918427958e-06,1.58738931e-08,7.6203099886e-06,3.5476869538e-06,1.529426299e-07,0.0519125683060109,14.567504757249704,0.9783145314725658,73,16,1.025894029566716,4.85720062025e-05,73,0.2677595628415301,2.8285542373e-05,0.263750941183234,-1.30932429e-08,0.1136922157178117,-2.1174537511191764,-1.734510044381177,0.682205212300833,3.1725125119040007,59,0.4207650273224044,0,1.1816580666210983,-0.0351741356385059,0.1405406847611481,0.3189886138103619,1.69051e-10,0.0018220226204759,1.0352717261e-06,1.55252745434e-05,2.138902650579694,1.54830407657e-05,2.623433e-10,0,"Kwanyar, Bangkalan",5.6958277979e-06,0.0311488703673426,2,1.56050076e-08,217.16116424041743,0.0003476951442962,3.97419556504e-05,3.42983496827e-05,-0.0002391555406373,0.0001182495158283,1.39829479e-08,0.8979215138649511,365,0.0150273224043715,3.70934119473e-05,182.5,3523.6229251494524,0.9993583051330968,0.0027322404371584,1.968826000736732,2.49272675827e-05,0,0.6987663951160886,0.0001409540748849,-0.0198973079177311,0.2021857923497267,0.1860628498685067,0.4644808743169399,19.09528138280429,-1.3696159776293408,9.19396174935e-05,9.60295656375e-05,2.971875534e-07,7.09942462886e-05,7.291076724e-05,0.0,0.1666666666666666,35.887055649951186,1.0990984093260532,86,18,1.0303901148455488,0.0005868506849335,87,0.4344262295081967,0.0001247492325931,0.1991697858951575,2.810151713e-07,0.1974038220118791,-0.1842590661231455,-7.229905951752649,0.8895181678954985,1.9901073374941711,54,0.4644808743169399,0,0.4533812095752271,-0.0135724097370051,0.1477966850203493,0.1582007827112181,2.36775101e-08,0.0350507914577151,3.2511675088e-06,0.0001507264379186,2.186346260998732,0.0001506751117367,2.30953802e-08,108
Fathan Ruhul Alam,"Warudoyong, Kota Sukabumi",0.2933008008846327,10.24481995357198,5,0.00080356383804,190.3823039813417,0.037859309464693,0.0280701692910772,0.0279939056684573,0.019468592479825,0.0036652291058296,1.34339043982e-05,1.0868815902387874,365,0.0150273224043715,0.0277641814202069,182.5,95.95289635334412,0.9993583051330968,0.0027322404371584,1.8715455797246188,0.0277444151230156,0,0.8024069041305468,0.0051921498538418,-0.2798007263098148,0.1721311475409836,0.8959520722600417,0.3770491803278688,63.574697303899285,-0.054459703584647,0.0029369699235848,0.0016830490264174,3.00104283306e-05,0.0026072319597005,0.0011772895231842,3.4837673108e-06,0.0,4.5267275956456485,1.1043070113830278,57,15,1.0206389047348732,0.018390716984868,58,0.2814207650273224,0.0283084494175848,0.1388426087060692,9.524663304e-06,0.0738155065867298,-6.914684562577901,-1218.143369774696,0.6671732030424644,5.26965436451317,59,0.3770491803278688,0,1.8069195137574592,-0.0454642946575254,0.1246805975715157,0.3979875593611059,1.63793974901e-05,0.614312894642353,0.0018032317712373,0.0083373409789117,2.132056272453738,0.0081143723432893,7.48510351577e-05,0,"Warudoyong, Kota Sukabumi",5.329787318e-07,0.0126444627282613,29,1.4602157e-09,213.86922103303064,6.88813161104e-05,3.46548234539e-05,3.65230135228e-05,2.6228262636e-06,1.59771478925e-05,2.552692e-10,1.2564991087318345,365,0.0150273224043715,3.42436605933e-05,182.5,32739.118615472024,0.9813569300447754,0.0054644808743169,1.5590694228654598,3.90649956794e-05,0,0.9725633699849856,1.66856694553e-05,-0.357879299272509,0.1284153005464481,0.7917761620960774,0.3743169398907104,61.50525215036905,-2.906206503044615,1.23383848661e-05,2.5409481584e-06,1.005209226e-07,8.1017636864e-06,9.382256885e-07,2.49975629e-08,0.0191256830601092,9.198422143279297,0.8155575382020337,21,11,1.0085587386261228,6.62584898468e-05,22,0.1147540983606557,3.81605299151e-05,-0.3125579516935767,7.75834888e-08,0.0835825616022908,-2.495765503228651,-2.471395272513525,0.4943867594871777,4.717588699294471,57,0.3743169398907104,0,1.6231827445501268,-0.0429439124231926,0.1226989592962811,0.3296304465907227,2.129741e-10,0.0009274460778375,1.542606411e-06,1.78514004009e-05,2.050830008395393,1.77797164165e-05,3.710672e-10,0,"Warudoyong, Kota Sukabumi",1.2391128939e-05,0.0499752545414178,5,3.39482984e-08,162.16026347760956,0.0004879311183887,2.25793338613e-05,2.30727373491e-05,-0.0004397374856732,0.0001826080973877,3.33457172e-08,1.248793009284871,365,0.0150273224043715,1.58299299073e-05,182.5,2144.8556301267035,0.9911280921816754,0.0054644808743169,1.784548070704976,-2.22866138453e-05,0,0.8809487949641661,0.0002422663145863,-0.300522805268423,0.1721311475409836,0.237216295808353,0.4562841530054645,39.85952937566482,-1.389597944263426,0.0001458192064765,7.56866059509e-05,-2.73757367e-07,0.0001203723305969,3.51559727278e-05,4.8071933633e-06,0.0983606557377049,6.846476313944382,0.9754594724233552,38,12,1.013878622778532,0.0009276686040619,37,0.2459016393442623,0.0001839987596403,-0.0115702448324999,8.74185922e-08,0.1562580872241139,-0.0259672556542122,-15.940651301988002,0.7581429337244889,2.4386460312365226,55,0.4562841530054645,0,0.8575111135998315,-0.0241900400065623,0.1469728855744057,0.1238931555628269,6.6485238e-08,0.0276256111720879,6.465527724e-07,0.0003423713674216,2.0880156565823795,0.0003423705285815,1.369386944e-07,66
Rifqi Fairurrafi,"Kec. Bangkalan, Kab. Bangkalan",0.3023861809360599,10.425224349834007,3,0.0008284552902357,183.4530558985218,0.038156934082508,0.0285731151654216,0.0285330808721482,0.0198961831629276,0.0031255145072405,9.7688409349e-06,1.1428042512863357,365,0.0150273224043715,0.0284872911870479,182.5,141.01581364360374,0.9984744065485794,0.0054644808743169,1.9087160335207296,0.0281135210767387,0,0.8062235594423237,0.003620021499782,0.6512578935877347,0.180327868852459,0.8927194383937368,0.4016393442622951,21.141224365075846,-0.0232897301504698,0.0023782376222611,0.0017980117197722,2.57312741181e-05,0.0018234368812824,0.0010254558175802,-0.0001748146023601,0.0,9.895191336202616,1.175912352105407,56,14,1.0199533347767953,0.0182607509195803,55,0.3469945355191257,0.0287435514714417,0.109959031358114,9.839334766e-07,0.0810279399057238,-7.171149572932668,-1174.0212418119083,0.814239095496833,4.566585242305917,58,0.4016393442622951,0,1.6490892707499791,-0.0436031309009436,0.1315818454727353,0.7700862299547756,1.63390461272e-05,0.6562742777168752,0.0017383939343659,0.0083619647484612,2.1235507917430176,0.0081580134790849,7.59441140631e-05,0,"Kec. Bangkalan, Kab. Bangkalan",3.115302942e-07,0.0100211974564672,5,8.535076e-10,198.0523318895873,5.50283257325e-05,2.74178237332e-05,2.6607980241e-05,3.7077027172e-06,9.9718909471e-06,9.94386e-11,1.1054594192460196,365,0.0150273224043715,2.73390380012e-05,182.5,34946.03972514872,0.9948664410647732,0.0027322404371584,1.760953508495092,2.16699207726e-05,0,0.8930963304275209,1.27076068673e-05,-0.0874231081808019,0.1666666666666666,0.7176821297383723,0.4180327868852459,46.12219099889016,-2.7037175639291,7.9974010159e-06,3.6990014251e-06,2.70594184e-08,6.3827740935e-06,1.6664162608e-06,-2.675711088e-07,0.0491803278688524,9.857791713544538,1.220926816636159,40,12,1.014929871984861,5.13206230152e-05,41,0.2049180327868852,2.91749150355e-05,0.3269910942307852,2.07442833e-08,0.1091116130364617,-2.322231171469177,-1.7807966297524964,0.7468579853152687,3.441396614216699,58,0.4180327868852459,0,1.2599693051902945,-0.0363561571999917,0.1365314822912365,0.5784486890013969,1.59704e-10,0.0013501355201697,1.2455310495e-06,1.72913002869e-05,2.103148205011008,1.72396279223e-05,3.357186e-10,0,"Kec. Bangkalan, Kab. Bangkalan",1.55791850874e-05,0.0542423503333473,3,4.26826988e-08,193.8708790995933,0.0005967892357148,8.14836662723e-05,7.01153439877e-05,-0.0004268730117473,0.000189542848994,3.59264916e-08,1.0537596513252925,365,0.0150273224043715,7.98137261881e-05,182.5,2001.0177761743253,0.9974332205323864,0.0027322404371584,1.8801166913802168,3.37749996106e-05,0,0.8191017872848834,0.000239119831273,0.0590917064029121,0.1830601092896175,0.2310809539863081,0.4398907103825136,29.707241005001123,-1.2567454801587108,0.0001484414283426,0.0001006306426673,2.10827171e-07,0.0001193080224766,4.95362116149e-05,-8.736766176e-07,0.1284153005464481,11.18332784840487,1.121633805742366,47,14,1.0170199977796983,0.0010236622474621,47,0.3251366120218579,0.0002063154852985,0.1613445877387012,9.21657602e-08,0.1640073392055703,-0.2804297302322937,-17.22743399039056,0.8128982453397481,2.3030644312944677,60,0.4398907103825136,0,0.7185952003531703,-0.0221903505410772,0.1422374954986006,0.2310648980931673,7.14658838e-08,0.0367301845735646,2.6455797596e-06,0.0003429621623595,2.1401466153018807,0.0003429518798876,1.287581997e-07,72
Alghifari Amar Mukhasyafah,Wonoayu,0.3503510554566752,11.24022490842717,2,0.0009625028996062,186.50082476647432,0.0367982164025306,0.0308764679028618,0.031337,0.0244809202849864,0.0025513986760786,6.5096352042e-06,0.6958930721156523,364,0.0150684931506849,0.0304165128618478,182.5,0.0,0.6425955920752264,0.0027397260273972,1.9417572645511052,0.0312554331496357,0,0.7192315893082598,0.0018362212355136,0.2548067092311554,0.1890410958904109,0.8995767810307678,0.4136986301369863,26.421859457736254,-0.1163408981216752,0.0018465394053116,0.0018392648494476,-9.072109245e-06,0.000819718923664,0.0012377911390065,0.0,0.0,20.27199105542198,1.2207921536963529,73,13,1.0329571736879757,0.0123172961175442,67,0.4465753424657535,0.0309817027511522,-0.2187412422411921,6.2089600421e-06,0.0820048049796543,-8.95449779759859,-1138.8072006465718,0.8501587919870591,4.23214305532027,56,0.4136986301369863,0,1.5863583979122509,-0.0436464833139849,0.1378106359656531,0.7087612227555864,1.09486759584e-05,0.6694924051989328,0.0018394256662772,0.0073993747777731,2.1270823283254194,0.007147297494654,6.02865810852e-05,0,Wonoayu,5.201455549e-07,0.013159670514778,2,1.4250563e-09,182.73650112768036,6.66680280119e-05,3.60471227297e-05,3.54367532324e-05,3.4155462142e-06,1.10348385258e-05,1.217676e-10,1.0524936880255826,365,0.0150273224043715,3.57162094778e-05,182.5,34617.04518646882,0.9993583051330966,0.0054644808743169,1.9173942186484567,3.18791630232e-05,0,0.7444931020499541,1.42654207875e-05,0.0767460665652004,0.1830601092896175,0.7341426663460021,0.4426229508196721,25.800289818676248,-2.466454531655476,8.7948599109e-06,7.4210898859e-06,-3.70114362e-08,7.036068453e-06,4.9024509445e-06,2.352833923e-07,0.0792349726775956,25.998276371763836,1.0788897218154687,81,16,1.0287334580733225,6.32524817976e-05,82,0.4234972677595628,3.76983118771e-05,0.1095738373329759,6.184349e-10,0.1346977265630544,-2.425787621958388,-1.880753261944183,0.8388843885083191,2.6321770385821077,60,0.4426229508196721,0,0.9283836454514646,-0.0297536771407206,0.1488016099529819,0.8057057777327729,2.169588e-10,0.0027086978083641,1.87886005e-06,1.58719156175e-05,2.177248837694461,1.57201175955e-05,2.545294e-10,0,Wonoayu,9.4101089008e-06,0.0517199766308969,2,2.58519475e-08,187.4684968821182,0.0003526691289152,0.0001410138293915,0.000149,-6.16237884969e-05,7.67868491127e-05,5.8962201e-09,0.7355701512682032,364,0.0150684931506849,0.0001354477099084,182.5,45080.78873550141,0.6475464338401771,0.0054794520547945,1.909988019202797,0.0001662373160797,0,0.6312491882734741,3.98864211277e-05,1.222300170009615,0.1863013698630137,0.5486324683972762,0.4575342465753425,45.42812073911976,-1.6543622269479576,5.0466815447e-05,5.54234261306e-05,4.4678660954073e-22,2.05100218057e-05,3.03677586368e-05,0.0,0.136986301369863,37.04576611473829,1.2422650220577087,62,14,1.029154963806019,0.0004142929174121,54,0.421917808219178,0.0001605650032738,-0.0623689119171154,2.9682468e-09,0.1727711401915833,-1.2942354774516922,-7.805914387501641,0.8713641759309514,1.9525638058823849,61,0.4575342465753425,0,0.5025665643948197,-0.0199681311788246,0.1554335321654131,0.695570156831155,1.15987964e-08,0.0201741271115632,9.0113762818e-06,0.0001091391824145,2.1690470562187927,0.0001086662461154,1.24562854e-08,40
Moh Rafie Nazar J,"Kecamatan Bangkalan,Bangkalan",0.2995261891694458,10.41729897004494,2,0.0008183775660367,182.48998966607277,0.0351127202694232,0.028467189478293,0.0283084206464813,0.0225420724600553,0.0024014115889663,5.7667776196e-06,1.0179169274679365,366,0.0149863760217983,0.0283309201546657,183.0,154.85347458210754,1.0,0.0027247956403269,1.9135741471776304,0.026941799193334,0,0.7520975610394262,0.0032024530789036,0.0710473941270937,0.1880108991825613,0.91536899990461,0.3869209809264305,13.701610106314224,-0.1299100309532925,0.0019130690711499,0.0015565741154115,2.21679841451e-05,0.0016080533779734,0.0011692070876962,4.54642024694e-05,0.0,10.822502267386737,1.27632211053065,80,17,1.027815944631726,0.0125706478093679,79,0.3460490463215259,0.0285682980664347,0.4098291742485468,-5.727592669e-07,0.0704332295976603,-9.192985650010671,-1123.1378935585406,0.8181483994175761,5.460886122768555,60,0.3869209809264305,0,1.8685391409127137,-0.0464138982849891,0.1254487208970341,0.683928597234042,9.9311989108e-06,0.5697061262406267,0.0016629678568449,0.0069645452880862,2.1334108663377016,0.0067411436944442,5.23783860556e-05,0,"Bangkalan Kota,Bangkalan",3.203641334e-07,0.0101963188749121,3,8.849837e-10,184.9721110678702,5.67411334486e-05,2.81584981455e-05,2.77482830264e-05,1.6423012993e-06,9.46809402e-06,8.96448e-11,0.9807897058225472,362,0.0151515151515151,2.81860009434e-05,181.0,36887.24941934704,0.999352098450388,0.0055096418732782,1.850590770070148,2.64367757665e-05,0,0.8375021736521552,1.28949185535e-05,0.1075986222265736,0.18732782369146,0.7109413464283354,0.4325068870523416,32.33931437130794,-2.5979409572586176,7.3942759323e-06,5.1353007509e-06,2.03586402e-08,6.3090441661e-06,3.5102776261e-06,8.18672965e-08,0.0661157024793388,19.88529397273529,1.150482627751432,63,15,1.0225544788785652,5.50988321492e-05,62,0.3360881542699725,2.9707672783e-05,0.2004777864726352,4.8971739e-09,0.1258559310932488,-2.263980830212198,-1.615962135643112,0.8256230438720854,2.775709185345632,54,0.4325068870523416,0,1.0196841219016866,-0.0323819804818875,0.1453007550678066,0.7290963399909723,1.667061e-10,0.0018589788718369,1.3261931038e-06,1.63576762374e-05,2.1414273324241404,1.62927513469e-05,2.876259e-10,0,"Kecamatan Bangkalan,Bangkalan",2.7853337323e-06,0.0212168956873974,1,7.6102014e-09,208.3455789928008,0.000257623490206,3.59742432963e-05,2.92984875027e-05,-0.0001690351531248,7.93430465135e-05,6.295319e-09,0.7770544365243901,366,0.0149863760217983,3.65440960655e-05,183.0,4653.630094092561,1.0,0.0054495912806539,1.957576782504444,2.2961236374e-05,0,0.7158820026234994,9.16027117562e-05,0.1956733570836615,0.2016348773841962,0.1961047680861329,0.4632152588555858,10.7197142777069,-1.5441585815157284,6.15375219688e-05,6.73199134799e-05,-4.090181267e-07,4.71550440498e-05,5.01135693389e-05,3.9148347957e-06,0.1825613079019073,36.13624116541985,1.214891059104787,101,14,1.0348706116667346,0.0004266586433308,101,0.4196185286103542,8.71175367581e-05,0.1939024788177908,1.332033269e-07,0.2036836303570331,-0.2701743409487665,-4.400137643033802,0.8999846031055854,1.9259444249994493,61,0.4632152588555858,0,0.3573588112976585,-0.0118405646411002,0.1481737738932586,0.2586385091226721,1.14899215e-08,0.0246390883336448,1.9584809047e-06,0.0001064529428631,2.1835606102103142,0.000106430298008,1.16233639e-08,117
Muhammad Zaidan Nabil Rafi,"Kamal, Bangkalan",4.318885797540439,148.01836608935997,27,0.0008407408599455,2590.42964681253,0.0376965887844336,0.0288143202286559,0.02856689876453,0.0201324615627406,0.0032112579739641,1.03121777753e-05,1.2390134792337504,5137,0.0010704554301284,0.0288277969664354,2568.5,115.79392883193886,0.6900238177608008,0.0001946282600233,1.7771917897752014,0.0280363188125024,0,0.8299575132460139,0.0040773078006017,-0.0945929921107082,0.038341767224601,1.2450774260961617,0.3579213701829505,271.7196992971184,0.7125114447284548,0.002544244049563,0.0001347289937134,2.3136796597e-06,0.0020611435310266,0.0,0.0,0.0068119891008174,-1.120785842519987,1.1098065261508845,0,0,1.0064763448839944,0.0175641272216929,0,0.0463215258855585,0.0289927099115428,0.2174733724287649,1.377418331e-07,0.0621140279815412,-5.281555790601237,-369719.6853579993,0.6076789530318523,6.896213553171284,832,0.3579213701829505,0,2.181751906685455,-0.0035064245439692,0.1136488455022835,0.7363308315398018,8.2864187955e-06,0.6921028407062438,0.0001218726533146,0.0038360382309902,2.002786831215514,0.0038340365840988,1.8866161082e-05,0,"Kamal, Bangkalan",1.8832424748e-06,0.0234460382494627,1,5.7415929e-09,174.31872373370274,0.000143047746208,7.15408445646e-05,6.66741712704e-05,8.5246192633e-06,2.46180588151e-05,6.060488e-10,0.7171335373279403,328,0.0167173252279635,7.14911395511e-05,164.0,13649.401099540082,0.9999999999999998,0.0030395136778115,1.9756109215086783,5.56077136939e-05,0,0.7085123699341169,2.97670114104e-05,0.2525798987234946,0.2066869300911854,0.6660207670417323,0.458966565349544,17.775530410728603,-2.12006717443437,1.95092947467e-05,2.11864862309e-05,3.8349095e-08,1.46737367413e-05,1.56489207728e-05,-1.423484769e-07,0.1185410334346504,37.37836379458279,1.0331146595082998,96,14,1.0373738081558597,0.0001345231269446,95,0.4741641337386018,7.56580548312e-05,0.5554734080840483,3.9122008e-08,0.1625871136396188,-2.072673870741394,-2.490691377520529,0.8664685089752121,1.915206936578992,54,0.458966565349544,0,0.5794290861622795,-0.0250565229410787,0.1633977137517562,0.4877462407792795,9.295308e-10,0.0069491674837491,5.6105114335e-06,3.41521444694e-05,2.169564440630084,3.35804957713e-05,1.1893972e-09,0,"Kamal, Bangkalan",0.000230316484336,0.8046488315685691,15,4.48522851e-08,2962.4378520409787,0.0007377922302107,7.69417910053e-05,4.50290176585e-05,-0.0005165543308122,0.0001972904281586,3.8923513e-08,1.1439289443099523,5135,0.0010708722741433,8.22198004649e-05,2567.5,1508.9219762017165,0.6900893243149011,0.0003894080996884,1.806184577455436,4.7901621648e-05,0,0.8561049143400379,0.0002567076629189,0.7733459122667159,0.0381619937694704,0.5018626773466025,0.4127725856697819,263.5137357924242,-0.4478091929368876,0.0001541207944828,9.1560505652e-06,-9.37095675e-08,0.0001207321649541,0.0,0.0,0.0401090342679127,2.141135007051211,0.9532047369411676,0,0,1.0064791117599,0.001254346561023,0,0.0500389408099688,0.0002117629624039,0.5182054552225386,2.81374169e-08,0.1065825431336539,-0.1761322860323775,-12068.488082842952,0.6472577114324576,3.8403469629098814,746,0.4127725856697819,0,1.405297625920371,-0.0026775713124265,0.1324048217533645,0.1552049851265541,4.28873789e-08,0.0470163196526916,4.69918846e-07,0.000267715696432,2.010270191365748,0.0002677151664077,9.15006715e-08,83
Riska Nana Nuril Fadilah,"Asemrowo, Surabaya",0.322559236318454,10.772051951382291,3,0.000883723935119,185.45939200006205,0.0377566590905189,0.029510765780486,0.0296029192395508,0.0209495052695274,0.0032286362287391,1.04240918975e-05,1.0223849268117189,365,0.0150273224043715,0.0294539281590417,182.5,131.6630694632045,0.9987166102661934,0.0027322404371584,1.8736364203355709,0.0301934398710727,0,0.8167044198828055,0.0042454982176423,-0.171456541705488,0.180327868852459,0.9000616518309527,0.3825136612021858,19.627776327188617,-0.0429560126475133,0.0025668875984242,0.0017899109790586,2.76440933142e-05,0.0021406652716299,0.0011812532320618,0.0001198239624499,0.0,10.550664356174137,1.4163057994844523,65,15,1.0233639230973226,0.0168071538209915,65,0.3087431693989071,0.0296868554893952,0.1612379926583307,3.900954957e-06,0.0769688600055939,-7.125361639675627,-1244.2255742252908,0.8172960884102547,4.835012631813114,60,0.3825136612021858,0,1.700438393462445,-0.044650573845795,0.12614901902406,0.6553603592942598,1.75577055782e-05,0.6533175073564058,0.0017469688699361,0.0083641847479347,2.116710544937143,0.0081580067069615,7.68646183549e-05,0,"Asemrowo, Surabaya",1.1565285919e-06,0.0197401159211949,3,3.1685714e-09,179.0325008059306,0.0001013203436741,5.40209203304e-05,5.26576313859e-05,5.112198778e-06,1.55452356821e-05,2.416543e-10,0.997129379138806,365,0.0150273224043715,5.39482630604e-05,182.5,22430.22382609263,1.0000000000000002,0.0054644808743169,1.847714348638217,4.84058639813e-05,0,0.8163010421689016,2.0049089802e-05,0.3268407118491496,0.174863387978142,0.7955154636870551,0.4371584699453552,23.880963971818773,-2.4215656787276507,1.23533955632e-05,7.9543275778e-06,2.12007849e-08,9.9762291938e-06,3.8620031167e-06,-3.323217242e-07,0.0546448087431694,21.11421357743697,1.2211504522276342,53,15,1.018921695562343,9.6208144896e-05,53,0.3579234972677595,5.62131140016e-05,0.1554688850754572,-8.8769023e-09,0.1204509019430723,-2.896351561414296,-2.7939646956635573,0.7419415287881065,2.897676916883924,54,0.4371584699453552,0,1.0797256371485071,-0.033430061026206,0.1470307867846746,0.7420523285135969,3.52365e-10,0.0029033295659246,2.6127067173e-06,2.33305042681e-05,2.15046620323016,2.31463905999e-05,5.682609e-10,0,"Asemrowo, Surabaya",2.39321038127e-05,0.0611237335371047,1,6.81826319e-08,179.69581396379593,0.0006959481397643,7.40189183014e-05,7.29415215573e-05,-0.0005572872469201,0.0002500202612184,6.2510131e-08,0.7818632498009431,351,0.015625,7.5763255154e-05,175.5,1481.5961745205948,1.0000000000000002,0.0085227272727272,1.9036775655705345,0.0001319922157563,0,0.7714890319297694,0.0003289786139551,-0.376227902562336,0.1988636363636363,0.1921961199302733,0.46875,25.664362075898246,-1.1301689564048618,0.0002007662897121,0.0001917409962176,1.6559941887e-06,0.0001648978771299,0.0001239770135725,-9.4284398735e-06,0.1789772727272727,40.40434517556585,1.1132940484531697,77,14,1.028106482421917,0.0012532353866845,76,0.4346590909090909,0.0002607468720545,0.0326669148974502,2.82491456e-08,0.2092245969950365,-0.1631486824602147,-10.82844406574982,0.8786995569559803,1.7908982791928656,59,0.46875,0,0.3017054861544591,-0.0109334921788209,0.1531887749549991,0.2515673282292008,1.04489681e-07,0.0673010896724008,6.737734849e-07,0.0003276885446688,2.1655378000913243,0.0003276876481968,1.126955929e-07,105
Dewi Geizya,"Kamal, Banyuajuh",464757990.7316719,379752.2275,5,1273309.5636484162,173.11631616214973,2132.11125,1039.2840915300546,928.475,321.46,435.5676214575003,189719.15286214428,0.9984849285551758,81378,0.0150273224043715,1043.77,182.5,0.0007312507312507,0.982897879230254,0.0054644808743169,1.8326802803984663,774.1228125,0,0.8016081924165326,569.5725000000001,0.063571131950006,0.174863387978142,0.7131876348281336,0.4453551912568306,66.10350053556026,4.980089719400352,350.0942630415957,222.9331164383561,-1.508657534246575,249.0550000000001,147.70999999999992,-6.119999999999891,0.0683060109289617,23.10611525654973,1.4185475117643298,101,11,1.0353014731321413,1810.65125,97,0.3524590163934426,1126.8675946044395,0.8983871435576901,-0.4456678600777969,0.1271115819345,-1.978482208882521,-65688864.588982224,0.7104867815652905,2.84748520156339,59,0.4453551912568306,0,1.025652727253915,-0.0317112768592054,0.1465303367303832,0.568854468275367,264153.17251401953,81370.5875,39.317105609692845,565.3374523101481,2.158465889021179,563.600124010277,335647.27938261343,0,"Kamal, Banyuajuh",475912.66180625,12292.05,28,1303.870306318493,150.37106811667283,71.11125,33.63239071038252,31.53,9.16,13.00654120998106,169.17011424693555,0.9611535042951472,2273,0.0150273224043715,33.230000000000004,182.5,0.0230840258541089,0.9910162718633524,0.0054644808743169,1.8378437737678808,24.6478125,0,0.7810042928831374,19.1675,-0.2705084429895028,0.1612021857923497,0.7734920247126139,0.4289617486338797,39.18128913747442,3.386006557693501,10.777273059810684,6.042184931506849,-0.0288493150684931,9.590000000000002,4.690000000000001,0.0,0.0437158469945355,19.28021112671413,1.1736697198718469,94,16,1.0326928842411969,61.95125,92,0.3825136612021858,36.05978118545313,0.5505088386901775,-0.0535898521708108,0.1161279195855266,-2.430742708588213,-1988472.5112654923,0.5778449235788642,3.0198504631067427,60,0.4289617486338797,0,1.1141281310145028,-0.0345456038296337,0.144514003622122,0.3632404219953189,162.39438484622957,2205.3975,1.2437013371982746,14.75838430427726,2.15438514868268,14.690342762894868,231.2548256240109,0,"Kamal, Banyuajuh",134627.4173765625,6419.47875,16,368.8422393878424,211.6342722340077,39.463750000000005,17.566130464480874,18.009999999999998,2.53,7.698411148496283,59.265534211291865,1.114133833107347,1220,0.0150273224043715,16.15,182.5,0.0558035714285714,0.9653359320470156,0.0054644808743169,1.751648991773797,22.843562500000004,0,0.8068966907520105,11.2975,0.2090235767867438,0.1693989071038251,0.7518089241756809,0.4153005464480874,46.56658356668508,3.067324614061027,6.123227160410881,3.052308219178082,0.0112602739726027,5.23,2.4899999999999984,0.0,0.0327868852459016,16.81092172554682,1.090962262963038,106,16,1.036919563033854,36.93375,102,0.2896174863387978,19.17901128073225,0.3709744883541151,0.0272796196851034,0.1037125330542009,-2.1948051946545566,-1216298.973778294,0.6136558014439318,3.5602381155965497,57,0.4153005464480874,0,1.327210387825893,-0.037749386299997,0.1375274716419097,0.5173307303557213,88.59294325695652,1114.0925,0.7237566516415059,9.869025270006606,2.1356947315802284,9.838849926673207,110.71133023052674,0
